web-scraper-order,web-scraper-start-url,news-selector,news-selector-href,title,description,images-src
"1728733048-1","https://www.prothomalo.com/","হায়দরাবাদেও বাংলাদেশকে চোখ রাঙাচ্ছে ভারতের শাসন, হতে পারে বৃষ্টিও","https://www.prothomalo.com/sports/cricket/lb4n2hbq40","হায়দরাবাদেও বাংলাদেশকে চোখ রাঙাচ্ছে ভারতের শাসন, হতে পারে বৃষ্টিও","",""
"1728733048-2","https://www.prothomalo.com/","হায়দরাবাদেও বাংলাদেশকে চোখ রাঙাচ্ছে ভারতের শাসন, হতে পারে বৃষ্টিও","https://www.prothomalo.com/sports/cricket/lb4n2hbq40","","সিরিজের প্রথম দুই ম্যাচেই মাঠে ঝড় তুলেছেন ভারতের ব্যাটসম্যানরা। প্রথম ম্যাচে গোয়ালিয়রে বাংলাদেশের ১২৮ রানের লক্ষ্য ভারত টপকে গিয়েছিল ৪৯ বল হাতে রেখে। পরের ম্যাচে দিল্লিতে বাংলাদেশকে দিয়েছিল ২২২ রানের লক্ষ্য।",""
"1728733048-3","https://www.prothomalo.com/","হায়দরাবাদেও বাংলাদেশকে চোখ রাঙাচ্ছে ভারতের শাসন, হতে পারে বৃষ্টিও","https://www.prothomalo.com/sports/cricket/lb4n2hbq40","","সিরিজের তৃতীয় ম্যাচে হায়দরাবাদের উইকেট কেমন হবে? এখানেও কি ভারত ঝড় তুলবে? এ প্রসঙ্গে বাংলাদেশের ব্যাটসম্যানদের না টানাই হয়তো ভালো। প্রথম দুই ম্যাচে ব্যাটিং–বান্ধব উইকেটে নাজমুলরা ভালো ক্রিকেট খেলতে পারেননি।",""
"1728733048-4","https://www.prothomalo.com/","হায়দরাবাদেও বাংলাদেশকে চোখ রাঙাচ্ছে ভারতের শাসন, হতে পারে বৃষ্টিও","https://www.prothomalo.com/sports/cricket/lb4n2hbq40","","গোয়ালিয়র, দিল্লির মতো হায়দরাবাদও বড় স্কোরের মাঠ। এখানকার উইকেটে ব্যাটসম্যানরা পান বাড়তি সুবিধা। বাউন্ডারি কিছুটা বড় হলেও সামর্থ্য থাকলে সেটি পার করা বড় কোনো বিষয় নয়। সর্বশেষ আইপিএলে ছয়টি ম্যাচ হয়েছে এ মাঠে।",""
"1728733048-5","https://www.prothomalo.com/","হায়দরাবাদেও বাংলাদেশকে চোখ রাঙাচ্ছে ভারতের শাসন, হতে পারে বৃষ্টিও","https://www.prothomalo.com/sports/cricket/lb4n2hbq40","","এর মধ্যে চারটিতেই প্রথম ইনিংসে রান হয়েছে ২০০-এর বেশি। যে দুটি ম্যাচে ২০০-এর কম রান হয়েছে, সেগুলোতে তাড়া করতে নেমে হেসেখেলে জিতেছে সানরাইজার্স।",""
"1728733048-6","https://www.prothomalo.com/","হায়দরাবাদেও বাংলাদেশকে চোখ রাঙাচ্ছে ভারতের শাসন, হতে পারে বৃষ্টিও","https://www.prothomalo.com/sports/cricket/lb4n2hbq40","","মুম্বাইয়ের বিপক্ষে সানরাইজার্সের ৩ উইকেটে ২৭৭ রানও এই মাঠেই। আন্তর্জাতিক টি-টোয়েন্টিতেও বড় স্কোর হয়েছে এই মাঠে। ভারতের দুটি টি-টোয়েন্টি ম্যাচের মধ্যে একটিতে অস্ট্রেলিয়া ১৮৬ রান করে হেরেছে, অন্যটিতে ওয়েস্ট ইন্ডিজ হেরেছে ২০৭ রান করে।",""
"1728733048-7","https://www.prothomalo.com/","হায়দরাবাদেও বাংলাদেশকে চোখ রাঙাচ্ছে ভারতের শাসন, হতে পারে বৃষ্টিও","https://www.prothomalo.com/sports/cricket/lb4n2hbq40","","তাই জিততে হলে এখানেও বড় স্কোর করেই জিততে হবে বাংলাদেশকে। মিরপুরের উইকেটের মতো ১৪০-১৫০ করে জয় পাওয়া এখানে অনেকটা অসম্ভবই। দ্রুতগতিতে বড় রান তোলার এই কঠিন কাজটা কে করবেন?",""
"1728733048-8","https://www.prothomalo.com/","হায়দরাবাদেও বাংলাদেশকে চোখ রাঙাচ্ছে ভারতের শাসন, হতে পারে বৃষ্টিও","https://www.prothomalo.com/sports/cricket/lb4n2hbq40","","হায়দরাবাদে আজ বৃষ্টির সম্ভাবনা আছে। বৃষ্টি হয়েছে গতকাল বিকেলেও। আবহাওয়াবিষয়ক ওয়েবসাইট আকুওয়েদার জানিয়েছে, সকালে বজ্রপাতসহ ঝড়–বৃষ্টির সম্ভাবনা আছে সেখানে। তবে বিকেলে আবহাওয়ার উন্নতি হবে।",""
"1728733048-9","https://www.prothomalo.com/","হায়দরাবাদেও বাংলাদেশকে চোখ রাঙাচ্ছে ভারতের শাসন, হতে পারে বৃষ্টিও","https://www.prothomalo.com/sports/cricket/lb4n2hbq40","","সন্ধ্যায় জোরালো বৃষ্টির সম্ভাবনা নেই। যদিও আজ সকালে হায়দরাবাদে জোরালো বৃষ্টি দেখা যায়নি। হায়দরাবাদ থেকে প্রথম আলোর প্রতিনিধি জানিয়েছেন, আজ সকালে দেখা গেছে ঝিরিঝিরি বৃষ্টি। আকাশে এখনো মেঘ আছে।",""
"1728733048-10","https://www.prothomalo.com/","হায়দরাবাদেও বাংলাদেশকে চোখ রাঙাচ্ছে ভারতের শাসন, হতে পারে বৃষ্টিও","https://www.prothomalo.com/sports/cricket/lb4n2hbq40","","সিরিজ এরই মধ্যে নিশ্চিত হয়ে যাওয়ায় এই ম্যাচে আরও পরীক্ষা–নিরীক্ষা চালাতে পারে ভারত। একাদশে দেখা যেতে পারে রবি বিষ্ণয়, তিলক ভার্মা, জিতেশ শর্মা ও হারসিত রানাকে।",""
"1728733050-11","https://www.prothomalo.com/","বিশ্লেষণ যেসব পদক্ষেপ ছাড়া বাজার নিয়ন্ত্রণ সম্ভব নয়","https://www.prothomalo.com/opinion/column/17w8959tru","যেসব পদক্ষেপ ছাড়া বাজার নিয়ন্ত্রণ সম্ভব নয়","",""
"1728733050-12","https://www.prothomalo.com/","বিশ্লেষণ যেসব পদক্ষেপ ছাড়া বাজার নিয়ন্ত্রণ সম্ভব নয়","https://www.prothomalo.com/opinion/column/17w8959tru","","যেসব কারণে জুলাই অভ্যুত্থানে বিপুলসংখ্যক সাধারণ মানুষ ক্ষুব্ধ হয়ে রাস্তায় নেমে এসেছিলেন, তার মধ্যে অন্যতম হলো নিত্যপণ্যের অস্বাভাবিক মূল্যবৃদ্ধি। কাজেই এ অভ্যুত্থানের মধ্য দিয়ে ক্ষমতায় আসা অন্তর্বর্তী সরকারের কাছে দেশের সাধারণ মানুষের অন্যতম প্রত্যাশা হলো নিত্যপণ্যের মূল্য নিয়ন্ত্রণ। কিন্তু অন্তর্বর্তী সরকারের দুই মাস পার হলেও নিত্যপণ্যের মূল্য নিয়ন্ত্রণে তেমন সফলতা দেখা যাচ্ছে না। উল্টো চাল, ভোজ্যতেল, ডিম, মুরগি, চিনি ইত্যাদি পণ্যের মূল্য আরও বেড়েছে।",""
"1728733050-13","https://www.prothomalo.com/","বিশ্লেষণ যেসব পদক্ষেপ ছাড়া বাজার নিয়ন্ত্রণ সম্ভব নয়","https://www.prothomalo.com/opinion/column/17w8959tru","","মূল্যস্ফীতি হ্রাসে বাংলাদেশ ব্যাংক সুদের হারে নিয়ন্ত্রণ তুলে নিয়ে বাজারে টাকার সরবরাহ কমানোর পদক্ষেপ নিয়েছে। কিন্তু নিত্যপ্রয়োজনীয় অত্যাবশ্যক পণ্যের চাহিদা টাকার সরবরাহের ওপর ততটা নির্ভর করে না বলে এভাবে নিত্যপণ্যের মূল্য নিয়ন্ত্রণ করা যাবে না। এ জন্য বাজার ব্যবস্থাপনায় সরকারের সুনির্দিষ্ট কিছু পদক্ষেপের প্রয়োজন।",""
"1728733050-14","https://www.prothomalo.com/","বিশ্লেষণ যেসব পদক্ষেপ ছাড়া বাজার নিয়ন্ত্রণ সম্ভব নয়","https://www.prothomalo.com/opinion/column/17w8959tru","","এরই মধ্যে বাজার তদারক করতে জেলায় জেলায় বিশেষ টাস্কফোর্স করেছে সরকার। এ ছাড়া কয়েকটি পণ্যের শুল্ক-কর কমানো হয়েছে। এগুলো দরকারি পদক্ষেপ; কিন্তু যথেষ্ট নয়। নিত্যপণ্যের মূল্যস্ফীতির কার্যকর ও টেকসই সমাধানের জন্য আরও কিছু প্রয়োজনীয় পদক্ষেপ বিষয়ে আলোচনা করা হলো।",""
"1728733050-15","https://www.prothomalo.com/","বিশ্লেষণ যেসব পদক্ষেপ ছাড়া বাজার নিয়ন্ত্রণ সম্ভব নয়","https://www.prothomalo.com/opinion/column/17w8959tru","","বাজার অর্থনীতিতে পণ্যের দাম নির্ধারিত হওয়ার কথা চাহিদা ও সরবরাহের ভিত্তিতে বাজারের ‘অদৃশ্য হাতের’ মাধ্যমে। বাংলাদেশে ‘অদৃশ্য হাতের’ নির্দেশে পণ্যের মূল্য নির্ধারিত হয় ঠিকই; কিন্তু সেই অদৃশ্য হাতটা অনেক ক্ষেত্রে বাজারের নয়, কতিপয় বৃহৎ ব্যবসায়ী গোষ্ঠীর। দেশে উৎপাদিত এবং বিদেশ থেকে আমদানিকৃত উভয় ধরনের পণ্যের ক্ষেত্রেই তা সত্যি।",""
"1728733050-16","https://www.prothomalo.com/","বিশ্লেষণ যেসব পদক্ষেপ ছাড়া বাজার নিয়ন্ত্রণ সম্ভব নয়","https://www.prothomalo.com/opinion/column/17w8959tru","","উদাহরণস্বরূপ, দেশে উৎপাদিত পণ্য মুরগি ও ডিমের দাম নির্ধারণের বিষয়টি খতিয়ে দেখা যাক। মুরগি আর ডিম বিক্রি করেন হাজার হাজার মানুষ। কিন্তু মুরগি আর ডিমের বাজার নিয়ন্ত্রণ করে অল্প কয়েকটি বৃহৎ করপোরেট কোম্পানি। এই কোম্পানিগুলো পোলট্রি খাদ্য ও মুরগির বাচ্চার সিংহভাগ উৎপাদন করে, সেই সঙ্গে মুরগির ডিম ও মাংসের বাজারের বড় একটি অংশ তাদের দখলে।",""
"1728733050-17","https://www.prothomalo.com/","বিশ্লেষণ যেসব পদক্ষেপ ছাড়া বাজার নিয়ন্ত্রণ সম্ভব নয়","https://www.prothomalo.com/opinion/column/17w8959tru","","নিজেরা উৎপাদনের পাশাপাশি চুক্তি ভিত্তিতে অনেক খামারিকে মুরগি পালনের কাজে লাগাচ্ছে কোম্পানিগুলো। এভাবে মুরগির খাদ্য, বাচ্চা, ডিম ও মাংস উৎপাদনের ওপর নিয়ন্ত্রণ কায়েমের মাধ্যমে গোটা পোলট্রি খাতের ওপর একচেটিয়া আধিপত্য প্রতিষ্ঠা করে ফেলেছে কোম্পানিগুলো। ফলে কোম্পানিগুলো ইচ্ছেমতো মুরগির খাদ্য, বাচ্চা, ডিম ও মাংস উৎপাদনের পরিমাণ ও মূল্য হ্রাস–বৃদ্ধি করতে পারে বলে অভিযোগ রয়েছে।",""
"1728733050-18","https://www.prothomalo.com/","বিশ্লেষণ যেসব পদক্ষেপ ছাড়া বাজার নিয়ন্ত্রণ সম্ভব নয়","https://www.prothomalo.com/opinion/column/17w8959tru","","এসব কোম্পানির কাছে হিসাব চাইতে হবে মুরগির বাচ্চা, পোলট্রি ফিড, ডিম আর মুরগি উৎপাদনে তাদের প্রকৃত খরচ কত আর কত টাকা দরে তারা এগুলো বাজারে বিক্রি করে। এদের দেওয়া হিসাব যাচাই–বাছাই করতে হবে, প্রয়োজনে অডিট করতে হবে। সেই সঙ্গে প্রান্তিক খামারি ও ভোক্তাদের স্বার্থের কথা মাথায় রেখে সুনির্দিষ্ট আইন ও নীতিমালার মাধ্যমে পোলট্রিশিল্পে প্রতিযোগিতা নিশ্চিত করতে হবে যেন মুরগির খাদ্য, বাচ্চা, ডিম, মাংস উৎপাদনের নিয়ন্ত্রণ গুটিকয় কোম্পানির হাতে থাকতে না পারে। এ ছাড়া পোলট্রিসহ পশুখাদ্য উৎপাদনে ব্যবহৃত কাঁচামাল যেমন ভুট্টা, সয়াবিন মিল ইত্যাদিতে আমদানিনির্ভরতা কমানোর উদ্যোগ নিতে হবে, যেন আন্তর্জাতিক বাজারে মূল্যবৃদ্ধির অজুহাতে দেশীয় বাজারে অস্থিরতা তৈরি করা না যায়।",""
"1728733050-19","https://www.prothomalo.com/","বিশ্লেষণ যেসব পদক্ষেপ ছাড়া বাজার নিয়ন্ত্রণ সম্ভব নয়","https://www.prothomalo.com/opinion/column/17w8959tru","","শুধু দেশে উৎপাদিত নিত্যপণ্যই নয়, বিগত সরকারের আমলে নিত্যপণ্যের আমদানির নিয়ন্ত্রণও চলে গিয়েছিল হাতে গোনা কয়েকটি ব্যবসায়ী গোষ্ঠীর কাছে। তারা বাজারের নিয়ম অনুযায়ী প্রতিযোগিতার বদলে পারস্পরিক সহযোগিতার মাধ্যমে পণ্য আমদানির প্রতিটি পর্যায়ে কর্তৃত্ব প্রতিষ্ঠা করেছে।",""
"1728733050-20","https://www.prothomalo.com/","বিশ্লেষণ যেসব পদক্ষেপ ছাড়া বাজার নিয়ন্ত্রণ সম্ভব নয়","https://www.prothomalo.com/opinion/column/17w8959tru","","বিবিসি বাংলার এক অনুসন্ধান অনুসারে, বেশি পরিমাণে পণ্য আমদানি করা প্রতিষ্ঠানগুলো একজোট হয়ে এমন পরিস্থিতি তৈরি করেছে যে মাঝারি পর্যায়ের ব্যবসায়ীরা নিজের ইচ্ছেমতো পণ্য কিনতে পারেন না। একজন ব্যবসায়ী যদি কোনো পণ্য ক্রয় করতে চান, তাহলে তাঁকে বড় ব্যবসায়ীদের কাছে যেতে হবে, তখন সেই বড় ব্যবসায়ীই ঠিক করে দেবেন যে কোন পণ্য কত দামে কার কাছ থেকে কিনতে হবে। এতে রাজি না হয়ে ব্যবসায়ী ব্যক্তিটি যদি মনে করেন তিনি নিজেই পণ্যটি আমদানি করবেন, তাহলে দেখা যাবে ব্যাংক তাঁর এলসি খুলতে রাজি হচ্ছে না, কাস্টমস-ভ্যাটসহ নানা দপ্তর থেকে বাধা আসছে, এমনকি আমদানি করা পণ্য বড় জাহাজ থেকে খালাস করে বন্দরে আনার জন্য লাইটার ভেসেল পর্যন্ত পাওয়া যাচ্ছে না। এমনকি এই সব বাধা অগ্রাহ্য করে তিনি যদি কোনোভাবে পণ্যটি আমদানি করেও ফেলেন, দেখা যাবে বড় ব্যবসায়ী গোষ্ঠী তাঁর আমদানি মূল্যের চেয়ে কম দামে বাজারে পণ্যটি ছেড়ে দিয়ে তাঁকে লোকসানের মুখে ফেলে দেবে। (পণ্য আমদানি থেকে বিক্রি, কীভাবে সব নিয়ন্ত্রণ করছে সিন্ডিকেট, বিবিসি বাংলা, ১২ আগস্ট ২০২৩)",""
"1728733050-21","https://www.prothomalo.com/","বিশ্লেষণ যেসব পদক্ষেপ ছাড়া বাজার নিয়ন্ত্রণ সম্ভব নয়","https://www.prothomalo.com/opinion/column/17w8959tru","","কতিপয় বৃহৎ ব্যবসায়ী গোষ্ঠীর এভাবে বাজারের ওপর এক কর্তৃত্ব প্রতিষ্ঠা করতে পারার কারণ হলো, তারা একাধারে বড় আমদানিকারক, বাণিজ্যিক ব্যাংকগুলোর মালিকানা বা ব্যবস্থাপনার কর্তৃত্ব ছিল তাদের হাতে, সাগরের বড় জাহাজ থেকে বন্দরে খালাসের জন্য ব্যবহৃত লাইটার জাহাজগুলোও তাদের কিংবা তাদের সহযোগীদের মালিকানাধীন, এমনকি পণ্যের ডিলারশিপেও নিয়ন্ত্রণ এসব ব্যবসায়ী গোষ্ঠীর আশীর্বাদপুষ্ট লোকজনের হাতে।",""
"1728733050-22","https://www.prothomalo.com/","বিশ্লেষণ যেসব পদক্ষেপ ছাড়া বাজার নিয়ন্ত্রণ সম্ভব নয়","https://www.prothomalo.com/opinion/column/17w8959tru","","মূল্য নিয়ন্ত্রণ করতে হলে নিত্যপ্রয়োজনীয় পণ্য ও খাদ্যসামগ্রীর ওপর কতিপয় বৃহৎ ব্যবসায়ী গোষ্ঠীর এ ধরনের একচেটিয়া আধিপত্য ভাঙতে হবে। এ ক্ষেত্রে প্রতিযোগিতা আইন, ২০১২–এর আওতায় বাংলাদেশ প্রতিযোগিতা কমিশনকে শক্তিশালী করে কাজে লাগানো যেতে পারে। প্রতিযোগিতা কমিশনের দায়িত্ব হলো বাজারে প্রতিযোগিতার ক্ষেত্রে বিরূপ প্রভাব বিস্তারকারী অনুশীলনগুলোকে নির্মূল করা। এ জন্য তাদের বিভিন্ন ব্যবসায়ী গোষ্ঠীর ষড়যন্ত্রমূলক যোগসাজশ, মনোপলি, ওলিগোপলি, জোটবদ্ধতা অথবা কর্তৃত্বময় অবস্থানের অপব্যবহার প্রতিরোধ করতে হবে। বিগত সরকারের আমলে রাজনৈতিক প্রভাবে প্রতিযোগিতা কমিশন কার্যকর ছিল না। এখন সময় এসেছে প্রতিযোগিতা কমিশনকে যথাযথভাবে কাজে লাগানো।",""
"1728733050-23","https://www.prothomalo.com/","বিশ্লেষণ যেসব পদক্ষেপ ছাড়া বাজার নিয়ন্ত্রণ সম্ভব নয়","https://www.prothomalo.com/opinion/column/17w8959tru","","ব্যবসায়ীরা পারস্পরিক যোগসাজশ করে মূল্য নিয়ন্ত্রণ করছেন কি না, তো বোঝার জন্য প্রতিযোগিতা কমিশনকে বিভিন্ন পণ্য উৎপাদন ও আমদানির প্রকৃত খরচের সঙ্গে বাজারমূল্য মিলিয়ে দেখতে হবে। ব্যবসায়ীরা কত দামে আন্তর্জাতিক বাজার থেকে অপরিশোধিত ভোজ্যতেল বা চিনি আমদানি করছেন, এগুলো পরিশোধন ও বাজারজাতকরণে কত ব্যয় করছেন, আর কত দরে বাজারে বিক্রয় করছেন, তা খতিয়ে দেখতে হবে।",""
"1728733050-24","https://www.prothomalo.com/","বিশ্লেষণ যেসব পদক্ষেপ ছাড়া বাজার নিয়ন্ত্রণ সম্ভব নয়","https://www.prothomalo.com/opinion/column/17w8959tru","","দেশে উৎপাদিত পণ্যের মূল্য নিয়ে ব্যবসায়ী গোষ্ঠীর নানা ধরনের কারসাজি চালিয়ে যেতে পারার একটি কারণ হলো পণ্যের উৎপাদন ও চাহিদা সম্পর্কে সরকারের কাছে সঠিক ও নির্ভরযোগ্য তথ্য না থাকা। যেমন সরকারি হিসাবে আলু, পেঁয়াজ, ডিম ইত্যাদি পণ্য উদ্বৃত্ত থাকলেও বাস্তবে দেখা যায় এগুলোর সংকট রয়েছে, যার সুযোগ নিয়ে ব্যবসায়ীরা বিভিন্ন সময় পণ্যের মূল্য বাড়িয়ে দেন। সরকারের কৃষি মন্ত্রণালয়ের হিসাবে ২০২২-২৩ অর্থবছরে দেশে আগের বছরের চেয়ে ১০ লাখ টন আলু বেশি উৎপাদিত হলেও হিমাগারমালিকদের তথ্য অনুসারে, সে বছর অন্তত ২০ লাখ টন আলু কম উৎপাদিত হয়, ফলে আগের বছরের চেয়ে ১৫ থেকে ২০ শতাংশ আলু কম আসে হিমাগারে। (রেকর্ড উৎপাদনেও আলুর রেকর্ড দাম, সমকাল, ৫ সেপ্টেম্বর ২০২৩)",""
"1728733050-25","https://www.prothomalo.com/","বিশ্লেষণ যেসব পদক্ষেপ ছাড়া বাজার নিয়ন্ত্রণ সম্ভব নয়","https://www.prothomalo.com/opinion/column/17w8959tru","","একইভাবে ব্যবসায়ীদের হিসাবে দৈনিক সাড়ে চার কোটি ডিমের চাহিদার বিপরীতে উৎপাদিত হয় চার কোটি পিস ডিম। অথচ সরকারি হিসাবে ডিমের উৎপাদন চাহিদার চেয়ে ৩০ শতাংশ বেশি। (সরকারি হিসাবে ডিমের চাহিদার চেয়ে উৎপাদন ৩০ শতাংশ বেশি, ২ অক্টোবর ২০২৪, বণিক বার্তা) দেশে পেঁয়াজের চাহিদা ও উৎপাদনের পরিমাণ নিয়েও রয়েছে অস্পষ্টতা। কৃষি সম্প্রসারণ অধিদপ্তরের তথ্যমতে, দেশে বছরে পেঁয়াজের চাহিদা ২৬ থেকে ২৮ লাখ টন। আর ২০২২-২৩ অর্থবছরে দেশে পেঁয়াজ উৎপাদিত হয় ৩৪ লাখ টনের বেশি। (আমদানির সিদ্ধান্ত কেন আগে নেওয়া হয়নি, প্রথম আলো, ৬ জুন ২০২৩)",""
"1728733050-26","https://www.prothomalo.com/","বিশ্লেষণ যেসব পদক্ষেপ ছাড়া বাজার নিয়ন্ত্রণ সম্ভব নয়","https://www.prothomalo.com/opinion/column/17w8959tru","","চাহিদার চেয়ে এ রকম বাড়তি উৎপাদন হলে আলু, পেঁয়াজ, ডিম ইত্যাদি বিদেশ থেকে আমদানি করার প্রয়োজন পড়ত না। বাস্তবে দেখা যায় ভারতসহ বিভিন্ন দেশ থেকে প্রতিবছরই এসব পণ্য আমদানি করতে হয়। কাজেই নিত্যপণ্যের মূল্য নিয়ন্ত্রণ করতে হলে দেশে এসব পণ্যের চাহিদা ও সরবরাহের সঠিক পরিসংখ্যানের ব্যবস্থা করতে হবে এবং দেশে যেসব পণ্যের উৎপাদন কম হয়, সেগুলোর উৎপাদন বাড়িয়ে কিংবা সময়মতো আমদানি করে ঘাটতি পূরণ করতে হবে।",""
"1728733050-27","https://www.prothomalo.com/","বিশ্লেষণ যেসব পদক্ষেপ ছাড়া বাজার নিয়ন্ত্রণ সম্ভব নয়","https://www.prothomalo.com/opinion/column/17w8959tru","","সংকটের সময় বাড়তি মুনাফার লোভে বড় ব্যবসায়ীরা অনেক সময় তাঁদের হাতে থাকা নিত্যপণ্য বাজারে বিক্রি না করে মজুত করেন, ফলে বাজারে ওই সব পণ্যের সংকট বেড়ে যায় এবং রাতারাতি মূল্যবৃদ্ধি পায়। একবার সংকট শুরু হয়ে গেলে পরে আমদানি করে অনেক সময় লাভ হয় না, কারণ ব্যবসায়ীরা আমদানি করা পণ্যও মজুত করতে থাকেন।",""
"1728733050-28","https://www.prothomalo.com/","বিশ্লেষণ যেসব পদক্ষেপ ছাড়া বাজার নিয়ন্ত্রণ সম্ভব নয়","https://www.prothomalo.com/opinion/column/17w8959tru","","এ জন্য সংকট তৈরি হওয়ার আগেই বাজারে পণ্যের সরবরাহ বাড়ানোর উদ্যোগ নিতে হবে। যেমন কৃষকেরা উৎপাদিত আলুর অধিকাংশই মার্চ-এপ্রিলে বিক্রি করে দেন। এরপর আলুর নিয়ন্ত্রণ চলে যায় হিমাগার ব্যবসায়ী ও মজুতদারদের হাতে। তাঁরা জুন থেকে ডিসেম্বর পর্যন্ত হিমাগারে সংরক্ষিত আলু বাজারে ছাড়তে থাকেন। এই সময়ে ব্যবসায়ীরা কৃত্রিম সংকট তৈরি যেন করতে না পারেন, সে জন্য হিমাগারে আলুর মজুত, হিমাগার থেকে বাজারে আলুর সরবরাহ ইত্যাদির ওপর নজর রাখতে হবে এবং প্রয়োজনে সময়মতো আলু আমদানির উদ্যোগ নিতে হবে। একইভাবে সেপ্টেম্বর থেকে ডিসেম্বরের মধ্যে পেঁয়াজের সংকট বেশি হয় বলে এই সময়টুকুতে বাজারে পেঁয়াজের সরবরাহ ও মজুদদারি বিষয়ে তদারকি বৃদ্ধি করতে হবে।",""
"1728733050-29","https://www.prothomalo.com/","বিশ্লেষণ যেসব পদক্ষেপ ছাড়া বাজার নিয়ন্ত্রণ সম্ভব নয়","https://www.prothomalo.com/opinion/column/17w8959tru","","নিত্যপণ্যের মূল্য নিয়ন্ত্রণের আরেকটি পদ্ধতি হলো গণবণ্টন ব্যবস্থা গড়ে তোলা, যার আওতায় সরকার কৃষকের কাছ থেকে ন্যায্যমূল্যে খাদ্যপণ্য কিনে নিয়ে ভোক্তাদের কাছে স্বল্প মূল্যে বিক্রি করবে। এতে একদিকে কৃষকের ন্যায্যমূল্য প্রাপ্তি এবং দরিদ্র ও নিম্নবিত্ত মানুষের খাদ্য নিরাপত্তা নিশ্চিত হবে, অন্যদিকে বাজারে এসব পণ্যের মূল্যও নিয়ন্ত্রণে থাকবে। দেশে টিসিবি ও ওএমএসের মাধ্যমে পণ্য বিক্রির যে ব্যবস্থা আছে, তার পরিধি ও গভীরতা যথেষ্ট নয়, সেই সঙ্গে দুর্নীতিতে জর্জরিত।",""
"1728733050-30","https://www.prothomalo.com/","বিশ্লেষণ যেসব পদক্ষেপ ছাড়া বাজার নিয়ন্ত্রণ সম্ভব নয়","https://www.prothomalo.com/opinion/column/17w8959tru","","প্রতিবেশী দেশ ভারতে আইনগতভাবে বাধ্যতামূলক একটি গণবণ্টন ব্যবস্থা রয়েছে, যার আওতায় ডিজিটাল পদ্ধতিতে রেশন কার্ডের মাধ্যমে নিম্ন আয়ের নাগরিকেরা সারা বছর স্বল্প মূল্যে বিভিন্ন খাদ্যপণ্য ক্রয় করতে পারেন। সেই সঙ্গে সংকটের সময় ভোক্তাদের জন্য বাজারে কম দামে পণ্য সরবরাহে প্রাইস স্টেবিলাইজেশন ফান্ড (পিএসএফ) নামের একটি তহবিল রয়েছে। এই তহবিলের মাধ্যমে বাজারে যখন পেঁয়াজ, আলু, ডাল, গম, চাল ইত্যাদি পণ্যের দাম তুলনামূলক কম থাকে, তখন সরাসরি কৃষকদের কাছ থেকে পণ্য ক্রয় করে সংকটের সময় তুলনামূলক কম দামে বাজারে বিক্রি করে বাজারমূল্য নিয়ন্ত্রণে রাখা হয়।",""
"1728733050-31","https://www.prothomalo.com/","বিশ্লেষণ যেসব পদক্ষেপ ছাড়া বাজার নিয়ন্ত্রণ সম্ভব নয়","https://www.prothomalo.com/opinion/column/17w8959tru","","নিত্যপণ্যের মূল্য নিয়ন্ত্রণে আরও যেসব পদক্ষেপ নিতে হবে তার মধ্যে রয়েছে শুল্ক-কর হ্রাস করে ও বিপিসির মুনাফা কমিয়ে পণ্য পরিবহনে ব্যবহৃত জ্বালানি ডিজেলের দাম উল্লেখযোগ্য পরিমাণে কমানো, হাটবাজারে, পথেঘাটে চাঁদাবাজি বন্ধ করা, পণ্য ক্রয়–বিক্রয়ে রসিদ ব্যবহার বাধ্যতামূলক করা, নিত্যপণ্যের উৎপাদন-সরবরাহ-আমদানি-মজুত-বিক্রয়ের ওপর নিয়মিত তদারকির কাঠামো গড়ে তোলা। এ ছাড়া বাজারে কারসাজির পেছনে দায়ী ব্যক্তি ও গোষ্ঠীগুলোকে দ্রুত বিচার করে শাস্তি নিশ্চিত করতে হবে।",""
"1728733050-32","https://www.prothomalo.com/","বিশ্লেষণ যেসব পদক্ষেপ ছাড়া বাজার নিয়ন্ত্রণ সম্ভব নয়","https://www.prothomalo.com/opinion/column/17w8959tru","","কল্লোল মোস্তফা লেখক ও গবেষক",""
"1728733050-33","https://www.prothomalo.com/","বিশ্লেষণ যেসব পদক্ষেপ ছাড়া বাজার নিয়ন্ত্রণ সম্ভব নয়","https://www.prothomalo.com/opinion/column/17w8959tru","","","https://images.prothomalo.com/prothomalo-bangla%2F2024-10-12%2F2oxyzfp8%2F12102024-cm-5.jpg?auto=format%2Ccompress&fmt=webp&format=webp&w=640&dpr=1.0"
"1728733052-34","https://www.prothomalo.com/","মতামত জুলাই হত্যাকাণ্ডের মামলায় মৃতও আসামি!","https://www.prothomalo.com/opinion/column/0zhebh4442","জুলাই হত্যাকাণ্ডের মামলায় মৃতও আসামি!","",""
"1728733052-35","https://www.prothomalo.com/","মতামত জুলাই হত্যাকাণ্ডের মামলায় মৃতও আসামি!","https://www.prothomalo.com/opinion/column/0zhebh4442","","বৈষম্যবিরোধী ছাত্র আন্দোলনের নেতাদের তথ্য অনুযায়ী, সাম্প্রতিক ছাত্র–জনতার অভ্যুত্থানে ১ হাজার ৫৮১ জন নিহত হয়েছেন। এর প্রতিটি হত্যার বিচার হওয়া জরুরি। কিন্তু মামলাতেই যদি গলদ থাকে, তাহলে বিচার হবে কী করে?",""
"1728733052-36","https://www.prothomalo.com/","মতামত জুলাই হত্যাকাণ্ডের মামলায় মৃতও আসামি!","https://www.prothomalo.com/opinion/column/0zhebh4442","","প্রকাশিত তথ্য বিশ্লেষণ করে দেখা যায়, অনেক মামলার বাদীকে চেনেন না ভুক্তভোগীর পরিবার, অনেক মামলায় মৃত ব্যক্তিকে আসামি করা হয়েছে। আবার কোনো কোনো মামলায় ৫ আগস্ট ক্ষমতা পরিবর্তনের পর আসামির তালিকা সংশোধন করা হয়েছে। বিএনপি–জামায়াতের নেতাদের স্থলে  আওয়ামী লীগের মন্ত্রী–এমপিদের নাম এসেছে।",""
"1728733052-37","https://www.prothomalo.com/","মতামত জুলাই হত্যাকাণ্ডের মামলায় মৃতও আসামি!","https://www.prothomalo.com/opinion/column/0zhebh4442","","আন্দোলনের সময় যাত্রাবাড়ীতে একটি হত্যার ঘটনায় আসামিদের তালিকার ৪ নম্বরে সাবেক মন্ত্রিপরিষদ সচিব হিসেবে মো. মাহবুব হোসেনের নাম উল্লেখ করা হয়েছে। তখনো পর্যন্ত তিনি সাবেক হননি। যখন বিষয়টি নিয়ে সমালোচনা হলো বাদী মো. নাদিম ঢাকার চিফ মেট্রোপলিটন ম্যাজিস্ট্রেট (সিএমএম) আদালতে মো. মাহবুব হোসেনের নাম প্রত্যাহারের আবেদন জানিয়ে বলেন, ‘ভুলবশত’ তাঁর নাম এসেছে।",""
"1728733052-38","https://www.prothomalo.com/","মতামত জুলাই হত্যাকাণ্ডের মামলায় মৃতও আসামি!","https://www.prothomalo.com/opinion/column/0zhebh4442","","মামলাটির তদন্ত চলমান থাকায় নাম প্রত্যাহারের সুযোগ নেই। আদালত হত্যা মামলাটি আইনানুগভাবে তদন্ত করার নির্দেশ দেন। এর একদিন আগে মন্ত্রিপরিষদ সচিব পদেও রদবদল ঘটল। নতুন মন্ত্রিসচিব হলেন শেখ আবদুর রশীদ।",""
"1728733052-39","https://www.prothomalo.com/","মতামত জুলাই হত্যাকাণ্ডের মামলায় মৃতও আসামি!","https://www.prothomalo.com/opinion/column/0zhebh4442","","ওই মামলার এজাহারে বলা হয়, যাত্রাবাড়ী থানার রায়েরবাগে গত ১৯ জুলাই কামরাঙ্গীরচরের টেকেরহাট ইউনিট আওয়ামী লীগের যুগ্ম সাধারণ সম্পাদক খোকনসহ অন্য নেতারা ছাত্র-জনতার শান্তিপূর্ণ মিছিলে সশস্ত্র হামলা করেন। ছাত্র-জনতাকে লক্ষ্য করে বুলেট ও গুলি ছোড়া হয়। একপর্যায়ে মেহেদী হাসান (১৮) নামের এক তরুণের থুঁতনিতে গুলি লাগে। তাঁকে হাসপাতালে নেওয়ার পর চিকিৎসক মৃত ঘোষণা করেন।",""
"1728733052-40","https://www.prothomalo.com/","মতামত জুলাই হত্যাকাণ্ডের মামলায় মৃতও আসামি!","https://www.prothomalo.com/opinion/column/0zhebh4442","","ইউনিট আওয়ামী লীগের একজন নেতা যদি হামলায় নেতৃত্ব দিয়ে থাকেন, তাহলে মন্ত্রিপরিষদ সচিব তার আসামি হন কী করে?",""
"1728733052-41","https://www.prothomalo.com/","মতামত জুলাই হত্যাকাণ্ডের মামলায় মৃতও আসামি!","https://www.prothomalo.com/opinion/column/0zhebh4442","","৭ অক্টোবর ডেইলি স্টার–এর প্রতিবেদন থেকে জানা যায়, সাকিব হাসান (২২) ও জাহাঙ্গীর আলম (৫০) নামের দুই ব্যক্তিকে হত্যার অভিযোগে দুটি মামলা করা হয়।  দুটি মামলার এজাহারে অবিকল একই কথা লেখা, শুধু নিহত ব্যক্তির নাম-ঠিকানা আলাদা। বাদী আবু বকর নিজেকে বিএনপির অঙ্গসংগঠন শ্রমিক দলের কর্মী হিসেবে দাবি করেছেন।",""
"1728733052-42","https://www.prothomalo.com/","মতামত জুলাই হত্যাকাণ্ডের মামলায় মৃতও আসামি!","https://www.prothomalo.com/opinion/column/0zhebh4442","","নিহত ব্যক্তিদের পরিবারের সদস্যরা বাদীকে চেনেন না। নিহত জাহাঙ্গীর আলমের মেয়ে বলেন, ‘আমি আমার বাবার মৃত্যুর বিচার চাই এবং একই সঙ্গে যে ব্যক্তি আমাদেরকে না জানিয়ে এই মামলা করেছেন, তার শাস্তি হোক, এটাও চাই।’
সাকিব হাসানের বাবা মোর্তোজা আলমও জানান, ‘পুলিশ আমার ছেলেকে গুলি করেছে। কিন্তু মামলা হয়েছে রাজনৈতিক কর্মীদের বিরুদ্ধে।’ অর্থাৎ তিনিও মনে করেন, মামলাটি উদ্দেশ্যপ্রণোদিত।",""
"1728733052-43","https://www.prothomalo.com/","মতামত জুলাই হত্যাকাণ্ডের মামলায় মৃতও আসামি!","https://www.prothomalo.com/opinion/column/0zhebh4442","","গাজীপুরের শ্রীপুর থানায় করা একটি হত্যা মামলায় আসামি করা হয় মো. কালা মিয়া ওরফে কালাম মিয়াকে। ৫ অক্টোবর শ্রীপুর থানায় মামলাটি করা হয়। কালা মিয়া কাওরাইদ ইউনিয়ন স্বেচ্ছাসেবক লীগের সদস্য ছিলেন। গত ২৫ সেপ্টেম্বর মস্তিষ্কের রক্তক্ষরণে মারা যান কালা মিয়া। তাঁর মেয়ে শ্যামলী আক্তারের অভিযোগ, ‘আমার মরা বাবারে ক্যামনে আসামি করল তারা?’",""
"1728733052-44","https://www.prothomalo.com/","মতামত জুলাই হত্যাকাণ্ডের মামলায় মৃতও আসামি!","https://www.prothomalo.com/opinion/column/0zhebh4442","","ছাত্র-জনতার আন্দোলন চলাকালে হামলার অভিযোগে গত ৩ অক্টোবর রাতে মো. এমরান হোসেন নামের কুমিল্লা বিশ্ববিদ্যালয়ের এক সমন্বয়ক মামলা করেন। মামলায় তিনি কুমিল্লা সদর দক্ষিণ উপজেলা পরিষদের সাবেক দুই চেয়ারম্যান, আওয়ামী লীগের বেশ কয়েকজন নেতাসহ ৯৬ জনের নাম উল্লেখ করেন।",""
"1728733052-45","https://www.prothomalo.com/","মতামত জুলাই হত্যাকাণ্ডের মামলায় মৃতও আসামি!","https://www.prothomalo.com/opinion/column/0zhebh4442","","মামলায় ২৭, ৩৩ ও ৫৫ নম্বর আসামি হিসেবে যে তিনজন আওয়ামী লীগ নেতার নাম দেওয়া হয়েছে, তাঁরা মৃত। ২৭ নম্বর আসামি কুমিল্লা সদর দক্ষিণ উপজেলা আওয়ামী লীগের সাবেক কৃষিবিষয়ক সম্পাদক মো. কামাল উদ্দিন মজুমদার, ৩৩ নম্বর আসামি উপজেলা আওয়ামী লীগের সাবেক বন ও পরিবেশবিষয়ক সম্পাদক আবদুল মমিন এবং ৫৫ নম্বর আসামি উপজেলার পূর্ব জোড়কানন ইউনিয়ন আওয়ামী লীগের সহসভাপতি ওয়াহিদুর রহমান ওরফে ফরিদ।",""
"1728733052-46","https://www.prothomalo.com/","মতামত জুলাই হত্যাকাণ্ডের মামলায় মৃতও আসামি!","https://www.prothomalo.com/opinion/column/0zhebh4442","","সদর দক্ষিণ উপজেলার গলিয়ারা দক্ষিণ ইউনিয়নের সাওড়াতলী গ্রামের বাসিন্দা মো. কামাল উদ্দিন মজুমদার ২০২৩ সালের ১১ জুলাই মারা যান। চলতি বছরের ২৪ জুন ঢাকা-চট্টগ্রাম রেলপথের কুমিল্লা সদর দক্ষিণ উপজেলার শিকারপুর এলাকায় ট্রেনে কাটা পড়ে মারা যান আবদুল মমিন। আর ওয়াহিদুর রহমান গত বছরের সেপ্টেম্বরে কিডনিজনিত রোগে আক্রান্ত হয়ে মারা গেছেন।",""
"1728733052-47","https://www.prothomalo.com/","মতামত জুলাই হত্যাকাণ্ডের মামলায় মৃতও আসামি!","https://www.prothomalo.com/opinion/column/0zhebh4442","","আওয়ামী লীগের আমলে ‘গায়েবি মামলা ও গায়েবি আসামির’ চল ছিল। বোমা হামলার ঘটনা না ঘটলেও হামলার কথা বলে বিএনপি ও জামায়াতের নেতা-কর্মীদের বিরুদ্ধে মামলা করা হতো। পুলিশ যথারীতি আদালতে তদন্ত প্রতিবেদনও দাখিল করত। ওই সব মামলায় তাঁরা ইচ্ছেমতো নাম ঢুকিয়ে দিত।",""
"1728733052-48","https://www.prothomalo.com/","মতামত জুলাই হত্যাকাণ্ডের মামলায় মৃতও আসামি!","https://www.prothomalo.com/opinion/column/0zhebh4442","","আওয়ামী লীগ সরকার পতনের পর অন্তর্বর্তী সরকার এসেছে। মামলার ধারা বদলায়নি। এখনো গায়েবি মামলা না হলেও সেখানে এসেছে গায়েবি আসামি।",""
"1728733052-49","https://www.prothomalo.com/","মতামত জুলাই হত্যাকাণ্ডের মামলায় মৃতও আসামি!","https://www.prothomalo.com/opinion/column/0zhebh4442","","পুলিশ সদর দপ্তরের তথ্য অনুযায়ী, ৬ আগস্ট থেকে ২৫ সেপ্টেম্বরের মধ্যে ৯২ হাজার ৪৮৬ জনের বিরুদ্ধে হত্যা বা অন্য কোনো অপরাধের অভিযোগে অন্তত ১ হাজার ৪৭৪টি মামলা করা হয়েছে। ৩৯০ জন সাবেক মন্ত্রী, সংসদ সদস্য, উপদেষ্টা, মেয়র ও আওয়ামী লীগ নেতার বিরুদ্ধে মোট ১ হাজার ১৭৪টি মামলা করা হয়েছে। বেশির ভাগই হত্যা মামলা।",""
"1728733052-50","https://www.prothomalo.com/","মতামত জুলাই হত্যাকাণ্ডের মামলায় মৃতও আসামি!","https://www.prothomalo.com/opinion/column/0zhebh4442","","সুপ্রিম কোর্টের একজন আইনজীবীর কাছে জানতে চেয়েছিললাম, সবার বিরুদ্ধে গয়রহ হত্যা মামলা কেন? তিনি বললেন, হত্যা মামলা করলে আটকাতে সুবিধা। জামিন মেলে না, রিমান্ডে নেওয়া যায়। কিন্তু যেসব মামলার তথ্যপ্রমাণই নেই, সেসব মামলা টিকবে কি? তিনি বললেন, মামলা টেকার জন্য তো করা হয়নি। করা হয়েছে নিজেদের তৎপরতা দেখাতে। তাঁর মতে, আদালত প্রাঙ্গনে আসামিদের হাজির করা নিয়ে যে সব অঘটন ঘটছে, সেটা কোনো সভ্য দেশে হতে পারে না।",""
"1728733052-51","https://www.prothomalo.com/","মতামত জুলাই হত্যাকাণ্ডের মামলায় মৃতও আসামি!","https://www.prothomalo.com/opinion/column/0zhebh4442","","আমাদের সংবিধানের ৩৫ অনুচ্ছেদে স্পষ্ট লেখা আছে, ‘কোনো ব্যক্তিকে যন্ত্রণা দেওয়া যাইবে না কিংবা নিষ্ঠুর, অমানবিক বা লাঞ্ছনাকর দণ্ড দেওয়া যাইবে না কিংবা কাহারও সহিত অনুরূপ ব্যবহার করা যাইবে না।’",""
"1728733052-52","https://www.prothomalo.com/","মতামত জুলাই হত্যাকাণ্ডের মামলায় মৃতও আসামি!","https://www.prothomalo.com/opinion/column/0zhebh4442","","এই প্রসঙ্গে আদালত প্রাঙ্গনে সাবেক মন্ত্রী সাবের হোসেন চৌধুরীর মামলায় একশ্রেণির আইনজীবীর অপেশাদার আচরণের কথা উল্লেখ করা যায়। ওই মামলার বিচারক ক্ষোভ প্রকাশ করে বলেছিলেন, আইনজীবীর পোশাক পরে অআইনজীবীর মতো আচরণ করবেন না। প্রতিপক্ষের আইনজীবীর বক্তব্যে বাধা দেওয়াও ফ্যাসিবাদী আচরণ।",""
"1728733052-53","https://www.prothomalo.com/","মতামত জুলাই হত্যাকাণ্ডের মামলায় মৃতও আসামি!","https://www.prothomalo.com/opinion/column/0zhebh4442","","স্বাধীনতার পর মাওলানা আবদুল হামিদ খান ভাসানী আওয়ামী লীগ সরকারের সমালোচনা করে বলেছিলেন, ‘নকশাল কারও গায়ে লেখা থাকে না।’ ফ্যাসিবাদও কারও গায়ে লেখা থাকে না। আচরণের মাধ্যমেই মানুষ প্রমাণ করে সে গণতান্ত্রিক না ফ্যাসিবাদের সমর্থক।",""
"1728733052-54","https://www.prothomalo.com/","মতামত জুলাই হত্যাকাণ্ডের মামলায় মৃতও আসামি!","https://www.prothomalo.com/opinion/column/0zhebh4442","","আওয়ামী লীগ আমলে আদালত অঙ্গনে আসামির প্রতি ডিম ছোড়া ও জুতা ছোড়ার ঘটনা ঘটেছে। এর অর্থ এই নয় যে এখনো সেটি ঘটবে? তাহলে পরিবর্তন হলো কোথায়? কেউ অপরাধ করলে শাস্তি পাবেন। কিন্তু বিচারের আগে আপনি তাঁকে শাস্তি দিতে পারেন না।",""
"1728733052-55","https://www.prothomalo.com/","মতামত জুলাই হত্যাকাণ্ডের মামলায় মৃতও আসামি!","https://www.prothomalo.com/opinion/column/0zhebh4442","","সংবাদমাধ্যমে প্রতিদিনই আওয়ামী লীগ আমলের মন্ত্রী–নেতাদের ভয়াবহ দুর্নীতি ও লুটপাটের খবর প্রকাশ পাচ্ছে। ক্ষমতায় থেকে যাঁরা দুর্নীতি করেছেন, যাঁরা জনগণের সম্পদ আত্মসাৎ করেছেন, যাঁরা বিদেশে অর্থ পাচার করে দেশকে ফোকলা বানিয়েছেন, তাঁদের বিচার হোক। যাঁরা মানুষ হত্যা করে ছাত্র–জনতার আন্দোলনকে স্তব্ধ করে দিতে চেয়েছেন, তাঁদের সবাইকে বিচারের আওতায় আনা হোক—এটা সময়ের দাবি।",""
"1728733052-56","https://www.prothomalo.com/","মতামত জুলাই হত্যাকাণ্ডের মামলায় মৃতও আসামি!","https://www.prothomalo.com/opinion/column/0zhebh4442","","কিন্তু তথ্যপ্রমাণ ছাড়া কারও বিরুদ্ধে মামলা করলে ন্যায়বিচারের পথই কেবল রুদ্ধ হবে না, অপরাধীরাও পার পেয়ে যাবেন।",""
"1728733052-57","https://www.prothomalo.com/","মতামত জুলাই হত্যাকাণ্ডের মামলায় মৃতও আসামি!","https://www.prothomalo.com/opinion/column/0zhebh4442","","সোহরাব হাসান প্রথম আলোর যুগ্মসম্পাদক ও কবি",""
"1728733054-58","https://www.prothomalo.com/","চীন দিচ্ছে বিপুল প্রণোদনা, আসছে সাড়ে ৩২ হাজার কোটি ডলারের বিশেষ বন্ড","https://www.prothomalo.com/business/world-business/nggmvganyt","চীন দিচ্ছে বিপুল প্রণোদনা, আসছে সাড়ে ৩২ হাজার কোটি ডলারের বিশেষ বন্ড","",""
"1728733054-59","https://www.prothomalo.com/","চীন দিচ্ছে বিপুল প্রণোদনা, আসছে সাড়ে ৩২ হাজার কোটি ডলারের বিশেষ বন্ড","https://www.prothomalo.com/business/world-business/nggmvganyt","","বিশেষ বন্ড ছাড়তে যাচ্ছে চীন। ঝিমিয়ে পড়া অর্থনীতি চাঙা করার লক্ষ্য নিয়ে এই বন্ড ছাড়া হবে, যার মাধ্যমে ৩২ হাজার ৫০০ কোটি ডলারের সমপরিমাণ ২ লাখ ৩০ হাজার কোটি ইউয়ান বাজার থেকে তোলা হবে। আগামী তিন মাস ধরে এই অর্থ আবাসান ব্যবসা, স্থানীয় পুঁজি সরবরাহ ও ব্যাংকব্যবস্থাকে জোরদার করতে ব্যয় করা হবে।",""
"1728733054-60","https://www.prothomalo.com/","চীন দিচ্ছে বিপুল প্রণোদনা, আসছে সাড়ে ৩২ হাজার কোটি ডলারের বিশেষ বন্ড","https://www.prothomalo.com/business/world-business/nggmvganyt","","বার্তা সংস্থা এএফপি জানিয়েছে, চীনের অর্থমন্ত্রী লান ফো’য়ান ও অন্যান্য কর্মকর্তারা একটি বহুল প্রত্যাশিত সংবাদ সম্মেলনে বন্ড ছাড়ার ঘোষণা দেন। অর্ধনীতি চাঙা করার লক্ষ্য নিয়ে গত সপ্তাহেও বেশ কিছু পদক্ষেপ সরকারের পক্ষ থেকে নেওয়া হয়েছিল। এসব পদক্ষেপের মধ্যে ছিল সুদের হার কমানো ও ব্যাংকগুলোর জন্য অতিরিক্ত অর্থের ব্যবস্থা করা।",""
"1728733054-61","https://www.prothomalo.com/","চীন দিচ্ছে বিপুল প্রণোদনা, আসছে সাড়ে ৩২ হাজার কোটি ডলারের বিশেষ বন্ড","https://www.prothomalo.com/business/world-business/nggmvganyt","","বছরের পর বছর ধরে চলা আবাসনশিল্পের সংকট ও ভোক্তাদের কম কেনাকাটার কারণে চীনের অর্থনীতি ঝিমিয়ে পড়েছে। কর্মকর্তারা আশা করছেন যে সরকারের নেওয়া পদক্ষেপগুলোর কারণে অর্থনীতির শ্লথগতি ধারা ঠেকানো এবং চলতি বছরে ৫ শতাংশের প্রবৃদ্ধির লক্ষ্যমাত্রা অর্জন করা যাবে। পশ্চিমা দেশগুলোর জন্য ৫ শতাংশ প্রবৃদ্ধি অনেক মনে হলেও চীনের জন্য এই হার বেশ কম, কারণ দেশটি বছরের পর বছর দুই অঙ্কের প্রবৃদ্ধি অর্জন করেছে।",""
"1728733054-62","https://www.prothomalo.com/","চীন দিচ্ছে বিপুল প্রণোদনা, আসছে সাড়ে ৩২ হাজার কোটি ডলারের বিশেষ বন্ড","https://www.prothomalo.com/business/world-business/nggmvganyt","","চীনের অর্থমন্ত্রী লান ফো’য়ান শনিবার বলেছেন, বেইজিং ট্রেজারি বন্ডের ব্যবহার আরও বাড়াবে এবং একই সঙ্গে অতি দীর্ঘমেয়াদি বিশেষ বন্ড বাজারে ছাড়ার ব্যবস্থা করা হচ্ছে। তিনি বলেন, ‘বিভিন্ন ক্ষেত্রে ব্যবহারের জন্য আগামী তিন মাসে বিশেষ বন্ডের মাধ্যমে ২ লাখ ৩০ হাজার কোটি তোলার ব্যবস্থা করা যাবে।’",""
"1728733054-63","https://www.prothomalo.com/","চীন দিচ্ছে বিপুল প্রণোদনা, আসছে সাড়ে ৩২ হাজার কোটি ডলারের বিশেষ বন্ড","https://www.prothomalo.com/business/world-business/nggmvganyt","","লান ফো’য়ান আরও জানান, রাষ্ট্র খাতের বড় ব্যাংকগুলোর সহায়তার জন্য বিশেষ সরকারি বন্ড ছাড়ারও পরিকল্পনা করা হচ্ছে। তবে তিনি জানাননি যে এই বন্ড ছেড়ে সরকারি ঠিক কী পরিমাণ অর্থের সংস্থান করার পরিকল্পনা করছে।",""
"1728733054-64","https://www.prothomalo.com/","চীন দিচ্ছে বিপুল প্রণোদনা, আসছে সাড়ে ৩২ হাজার কোটি ডলারের বিশেষ বন্ড","https://www.prothomalo.com/business/world-business/nggmvganyt","","এসব পদক্ষেপের পাশাপাশি স্থানীয় সরকারগুলোর ঋণ করার সীমাও বাড়িয়ে দিচ্ছে কেন্দ্রীয় সরকার। এর ফলে স্থানীয় সরকারের প্রতিষ্ঠানগুলো অবকাঠামো নির্মাণে আরও বেশি অর্থ খরচ করতে পারবে। সে কারণে স্থানীয় পর্যায়ে কর্মীদের চাকরি রক্ষা করা যাবে। উপ–অর্থমন্ত্রী লিয়াও মিন বলেন, এর ফলে ‘স্থানীয় সরকার ও নির্মাণ কোম্পানিগুলোর তারল্য ও ঋণ পরিস্থিতির উন্নতি হবে।’",""
"1728733054-65","https://www.prothomalo.com/","চীন দিচ্ছে বিপুল প্রণোদনা, আসছে সাড়ে ৩২ হাজার কোটি ডলারের বিশেষ বন্ড","https://www.prothomalo.com/business/world-business/nggmvganyt","","তবে বেইজিং আরও বেশি আর্থিক প্রণোদনার পদক্ষেপ গ্রহণ না করায় বিশ্লেষকেরা কিছুটা হতাশা ব্যক্ত করেছেন। পিনপয়েন্ট অ্যাসেট ম্যানেজমেন্টের প্রেসিডেন্ট ও প্রধান অর্থনীতিবিদ ঝিওয়েই ঝ্যাং বলেন, মূল কথা হলো বাজারে আরও বেশি বন্ড ছাড়া ও আরও রাজস্ব ঘাটতি হজম করার সক্ষমতা কেন্দ্রীয় সরকারের আছে।",""
"1728733054-66","https://www.prothomalo.com/","চীন দিচ্ছে বিপুল প্রণোদনা, আসছে সাড়ে ৩২ হাজার কোটি ডলারের বিশেষ বন্ড","https://www.prothomalo.com/business/world-business/nggmvganyt","","বন্ধকি ব্যবসায় সহায়তা",""
"1728733054-67","https://www.prothomalo.com/","চীন দিচ্ছে বিপুল প্রণোদনা, আসছে সাড়ে ৩২ হাজার কোটি ডলারের বিশেষ বন্ড","https://www.prothomalo.com/business/world-business/nggmvganyt","","চীনের অর্থনৈতিক অনিশ্চয়তার কারণে ভোক্তাদের মধ্যে আস্থা কম, ফলে ভোগও কমে গেছে। পরিস্থিতির পরিবর্তনে চীনের নীতিনির্ধারকেরা একগুচ্ছ প্রণোদনা ঘোষণা করেছেন, যার মধ্যে রয়েছে বাড়ি কেনার ক্ষেত্রে ঋণের সুদের হার কমানো ও নিয়মনীতি শিথিল করা। তবে অর্থনীতিবিদেরা বলছেন, ঝিমিয়ে পড়া অর্থনীতিকে পুরোপুরি চাঙা করতে আরও পদক্ষেপ নেওয়া প্রয়োজন।",""
"1728733054-68","https://www.prothomalo.com/","চীন দিচ্ছে বিপুল প্রণোদনা, আসছে সাড়ে ৩২ হাজার কোটি ডলারের বিশেষ বন্ড","https://www.prothomalo.com/business/world-business/nggmvganyt","","সরকারি পদক্ষেপ গ্রহণ করার পর শনিবার চীনের শীর্ষ ব্যাংকগুলো জানিয়েছে যে বর্তমানে চালু থাকা বন্ধকি ঋণের সুদের হার কমানো হবে। দেশটির রাষ্টনিয়ন্ত্রিত গণমাধ্যম জানিয়েছে, সুদের হার কমানোর এই সিদ্ধান্ত চলতি মাসের ২৫ তারিখ থেকে কার্যকর হবে।",""
"1728733054-69","https://www.prothomalo.com/","চীন দিচ্ছে বিপুল প্রণোদনা, আসছে সাড়ে ৩২ হাজার কোটি ডলারের বিশেষ বন্ড","https://www.prothomalo.com/business/world-business/nggmvganyt","","চীনের সিসিটিভি চ্যানেল জানিয়েছে, ইন্ডাস্ট্রিয়াল অ্যান্ড কমার্শিয়াল ব্যাংক অব চায়না, অ্যাগ্রিকালচারাল ব্যাংক অব চায়না, ব্যাংক অব চায়না এবং চায়না কনস্ট্রাকশন ব্যাংকসহ বড় ব্যাংকগুলো ঘোষণা করেছে যে তারা ধাপে ধাপে সুদের হার কমিয়ে আনবে। কয়েকটি বড় শহরে দ্বিতীয় বাড়ির জন্য নেওয়া ঋণ বাদে বাকি সব ঋণের জন্য ব্যাংকগুলো ব্যবস্থা নেবে।",""
"1728733054-70","https://www.prothomalo.com/","চীন দিচ্ছে বিপুল প্রণোদনা, আসছে সাড়ে ৩২ হাজার কোটি ডলারের বিশেষ বন্ড","https://www.prothomalo.com/business/world-business/nggmvganyt","","আর্থিক প্রতিষ্ঠানগুলোকে এক বছরের জন্য যে ঋণ দেওয়া হয়, তার সুদের হার গত মাসে কমিয়েছে বেইজিং। এ ছাড়া একটি ঋণদাতা প্রতিষ্ঠানকে সর্বনিম্ন যে পরিমাণ অর্থ হাতে রাখতে হয়, সেই হারও কমানো হয়েছে। পাশাপাশি কেন্দ্রীয় ব্যাংক চলতি সপ্তাহে বিভিন্ন কোম্পানির জন্য শত শত কোটি ডলারের ব্যবস্থা করেছে, যাতে তারা বাজার থেকে শেয়ার কিনতে পারে।",""
"1728733056-71","https://www.prothomalo.com/","বৈশ্বিক ক্ষুধা সূচকে তিন ধাপ পেছাল বাংলাদেশ, পরিস্থিতি খারাপ হয়েছে","https://www.prothomalo.com/business/0as6r8lgcv","বৈশ্বিক ক্ষুধা সূচকে তিন ধাপ পেছাল বাংলাদেশ, পরিস্থিতি খারাপ হয়েছে","",""
"1728733056-72","https://www.prothomalo.com/","বৈশ্বিক ক্ষুধা সূচকে তিন ধাপ পেছাল বাংলাদেশ, পরিস্থিতি খারাপ হয়েছে","https://www.prothomalo.com/business/0as6r8lgcv","","বৈশ্বিক ক্ষুধা সূচকে তিন ধাপ অবনমন হয়েছে বাংলাদেশের। ক্ষুধা মেটানোর সক্ষমতার দিক থেকে ১২৭টি দেশের মধ্যে বাংলাদেশের অবস্থান এ বছর ৮৪তম। সূচক অনুসারে, বাংলাদেশ বর্তমানে ‘মাঝারি মাত্রার’ ক্ষুধা মোকাবিলা করছে।",""
"1728733056-73","https://www.prothomalo.com/","বৈশ্বিক ক্ষুধা সূচকে তিন ধাপ পেছাল বাংলাদেশ, পরিস্থিতি খারাপ হয়েছে","https://www.prothomalo.com/business/0as6r8lgcv","","গতকাল শুক্রবার প্রকাশিত গ্লোবাল হাঙ্গার ইনডেক্স (জিএইচআই) বা বৈশ্বিক ক্ষুধা সূচক ২০২৪–এ বিশ্বের অন্যান্য দেশের সঙ্গে বাংলাদেশের অবস্থানও তুলে ধরা হয়েছে। প্রতিবছর আয়ারল্যান্ডভিত্তিক সংস্থা কনসার্ন ওয়ার্ল্ডওয়াইড ও জার্মানভিত্তিক ভেল্ট হ্যুঙ্গার হিলফে যৌথভাবে এ সূচক প্রকাশ করে।",""
"1728733056-74","https://www.prothomalo.com/","বৈশ্বিক ক্ষুধা সূচকে তিন ধাপ পেছাল বাংলাদেশ, পরিস্থিতি খারাপ হয়েছে","https://www.prothomalo.com/business/0as6r8lgcv","","দেশভিত্তিক তথ্য বিশ্লেষণে দেখা গেছে, বৈশ্বিক ক্ষুধা সূচকে বাংলাদেশের এবারের স্কোর ১৯ দশমিক ৪। এই নম্বর নিয়ে ১২৭টি দেশের মধ্যে বাংলাদেশের অবস্থান ৮৪তম। গত বছর বাংলাদেশর মোট নম্বর ছিল ১৯; ১২৫টি দেশের মধ্যে ঠাঁই হয়েছিল ৮১তম স্থানে।",""
"1728733056-75","https://www.prothomalo.com/","বৈশ্বিক ক্ষুধা সূচকে তিন ধাপ পেছাল বাংলাদেশ, পরিস্থিতি খারাপ হয়েছে","https://www.prothomalo.com/business/0as6r8lgcv","","একটি দেশে অপুষ্টির মাত্রা, পাঁচ বছরের কম বয়সী শিশুদের উচ্চতা অনুযায়ী কম ওজন, পাঁচ বছরের কম বয়সী শিশুদের বয়স অনুযায়ী কম উচ্চতা এবং শিশুমৃত্যুর হার—এই চারটি মানদণ্ড বিবেচনায় নিয়ে ক্ষুধার মাত্রা নির্ধারণ করা হয়। বৈশ্বিক, আঞ্চলিক বা জাতীয়—যেকোনো পর্যায়ে ক্ষুধার মাত্রা নির্ণয় করতে এই সূচকগুলো ব্যবহার করা হয়।",""
"1728733056-76","https://www.prothomalo.com/","বৈশ্বিক ক্ষুধা সূচকে তিন ধাপ পেছাল বাংলাদেশ, পরিস্থিতি খারাপ হয়েছে","https://www.prothomalo.com/business/0as6r8lgcv","","বিশ্ব ক্ষুধা সূচকে কোনো দেশের স্কোর শূন্য হলে বুঝতে হবে, সেখানে ক্ষুধা নেই। আর স্কোর ১০০ হওয়ার অর্থ, সেখানে ক্ষুধার মাত্রা সর্বোচ্চ। ক্ষুধা সূচক ১০ থেকে ১৯ দশমিক ৯-এর মধ্যে থাকলে ওই দেশ ‘মাঝারি মাত্রার’ ক্ষুধায় আক্রান্ত হিসেবে বিবেচিত হয়ে থাকে।",""
"1728733056-77","https://www.prothomalo.com/","বৈশ্বিক ক্ষুধা সূচকে তিন ধাপ পেছাল বাংলাদেশ, পরিস্থিতি খারাপ হয়েছে","https://www.prothomalo.com/business/0as6r8lgcv","","বাংলাদেশ চলতি বছরের আগে ক্ষুধা মেটানোর ক্ষেত্রে ধারাবাহিক উন্নতি করেছিল। ২০০০ সালে বাংলাদেশের স্কোর ছিল ৩৩ দশমিক ৮। গত বছর ছিল ১৯। যদিও এ বছর তা বেড়ে ১৯ দশমিক ৪ হয়েছে।",""
"1728733056-78","https://www.prothomalo.com/","বৈশ্বিক ক্ষুধা সূচকে তিন ধাপ পেছাল বাংলাদেশ, পরিস্থিতি খারাপ হয়েছে","https://www.prothomalo.com/business/0as6r8lgcv","","তবে ক্ষুধা সূচকে বাংলাদেশের চেয়ে এগিয়ে রয়েছে প্রতিবেশী দেশ নেপাল (৬৮তম অবস্থান, স্কোর ১৪ দশমিক ৭) ও শ্রীলঙ্কা (৫৬তম অবস্থান, স্কোর ১১ দশমিক ৩)। তবে দক্ষিণ এশিয়ার অন্য দুই দেশ ভারত ও পাকিস্তানের চেয়ে ক্ষুধা মেটানোর সক্ষমতায় বাংলাদেশ এগিয়ে রয়েছে।",""
"1728733056-79","https://www.prothomalo.com/","বৈশ্বিক ক্ষুধা সূচকে তিন ধাপ পেছাল বাংলাদেশ, পরিস্থিতি খারাপ হয়েছে","https://www.prothomalo.com/business/0as6r8lgcv","","ক্ষুধা মেটানোর সক্ষমতার দিক থেকে এ বছর ভারতের অবস্থান ১০৫তম, স্কোর ২৭ দশমিক ৩। ভারত এ বছর ছয় ধাপ এগিয়েছে। আর সূচকে পাকিস্তানের অবস্থান ১০৯তম, স্কোর ২৭ দশমিক ৯। দেশটি সাত ধাপ পিছিয়েছে। এ ছাড়া আফগানিস্তানের অবস্থান ১১৬তম, স্কোর ৩০ দশমিক ৮। এটিও দুই ধাপ পিছিয়েছে।",""
"1728733056-80","https://www.prothomalo.com/","বৈশ্বিক ক্ষুধা সূচকে তিন ধাপ পেছাল বাংলাদেশ, পরিস্থিতি খারাপ হয়েছে","https://www.prothomalo.com/business/0as6r8lgcv","","জিএইচআই প্রতিবেদনে বলা হয়েছে, দক্ষিণ এশিয়ায় সার্বিকভাবে ক্ষুধা এখনো গুরুতর অবস্থায় রয়েছে। নিম্নমানের খাদ্য, অর্থনৈতিক চ্যালেঞ্জ ও প্রাকৃতিক দুর্যোগের ক্রমবর্ধমান প্রভাবের কারণে এ অঞ্চলে অপুষ্টি বাড়ছে; বিশেষ করে শিশুদের অপুষ্টির সমস্যা উচ্চ স্তরে রয়ে গেছে।",""
"1728733056-81","https://www.prothomalo.com/","বৈশ্বিক ক্ষুধা সূচকে তিন ধাপ পেছাল বাংলাদেশ, পরিস্থিতি খারাপ হয়েছে","https://www.prothomalo.com/business/0as6r8lgcv","","প্রতিবেদন অনুযায়ী, বাংলাদেশের জনসংখ্যার ১১ দশমিক ৯ শতাংশ অপুষ্টির শিকার এবং ২ দশমিক ৯ শতাংশ শিশু তাদের জন্মের পর পাঁচ বছরে পৌঁছানোর আগেই মারা যায়। দেশের ২৩ দশমিক ৬ শতাংশ শিশুর স্বাভাবিক বৃদ্ধি অপুষ্টির কারণে থমকে গেছে। আর অপুষ্টির কারণে পাঁচ বছরের কম বয়সী ১১ শতাংশ শিশুর শারীরিক বিকাশ নষ্ট হয়েছে; অর্থাৎ উচ্চতার অনুপাতে তাদের ঠিকমতো ওজন বাড়ছে না।",""
"1728733058-82","https://www.prothomalo.com/","পাঁচ বছরের জন্য আয়করমুক্ত সুবিধা ফিরে পেয়েছে গ্রামীণ ব্যাংক","https://www.prothomalo.com/business/1t89cddb73","পাঁচ বছরের জন্য আয়করমুক্ত সুবিধা ফিরে পেয়েছে গ্রামীণ ব্যাংক","",""
"1728733058-83","https://www.prothomalo.com/","পাঁচ বছরের জন্য আয়করমুক্ত সুবিধা ফিরে পেয়েছে গ্রামীণ ব্যাংক","https://www.prothomalo.com/business/1t89cddb73","","ড. মুহাম্মদ ইউনূস প্রতিষ্ঠিত গ্রামীণ ব্যাংক আয়করমুক্ত সুবিধা ফিরে পেয়েছে। প্রতিষ্ঠানটিকে ২০২৯ সাল পর্যন্ত আয়করমুক্ত সুবিধা দিয়ে গত বৃহস্পতিবার প্রজ্ঞাপন জারি করেছে জাতীয় রাজস্ব বোর্ড (এনবিআর)। এনবিআর চেয়ারম্যান মো. আবদুর রহমান খান স্বাক্ষরিত প্রজ্ঞাপন অনুযায়ী, প্রতিবছর গ্রামীণ ব্যাংককে শুধু আয়কর রিটার্ন দাখিল করতে হবে।",""
"1728733058-84","https://www.prothomalo.com/","পাঁচ বছরের জন্য আয়করমুক্ত সুবিধা ফিরে পেয়েছে গ্রামীণ ব্যাংক","https://www.prothomalo.com/business/1t89cddb73","","গ্রামীণ ব্যাংক প্রতিষ্ঠার পর থেকেই কর অব্যাহতি সুবিধা পেয়ে আসছিল। গ্রামীণ ব্যাংক অধ্যাদেশ ১৯৮৩ বাতিল করে সরকার যখন ২০১৩ সালে আইন করে, তখনও বহাল রাখা হয় এ সুবিধা। কিন্তু ২০২১ সালের ১ জানুয়ারি থেকে সুবিধাটি হঠাৎ বন্ধ করে দেয় আওয়ামী লীগ সরকার।",""
"1728733058-85","https://www.prothomalo.com/","পাঁচ বছরের জন্য আয়করমুক্ত সুবিধা ফিরে পেয়েছে গ্রামীণ ব্যাংক","https://www.prothomalo.com/business/1t89cddb73","","এনবিআর চেয়ারম্যান আবদুর রহমান খান প্রথম আলোকে বলেন, নামে ব্যাংক হলেও গ্রামীণ ব্যাংক বাস্তবে ক্ষুদ্রঋণ কার্যক্রমও পরিচালনা করে। মাইক্রোক্রেডিট রেগুলেটরি অথরিটি (এমআরএ) থেকে নিবন্ধন নেওয়া সব ক্ষুদ্রঋণ প্রতিষ্ঠানই আয়করমুক্ত। বিশেষ আইনে প্রতিষ্ঠিত গ্রামীণ ব্যাংককে এমআরএ থেকে নিবন্ধন নেওয়ার দরকার নেই। তবে সেবা দেওয়ার ক্ষেত্রে গ্রামীণ ব্যাংকের বৈশিষ্ট্য এমআরএর প্রতিষ্ঠানগুলোর মতোই। ফলে আয়কর অব্যাহতি পাওয়াটা গ্রামীণ ব্যাংকের ন্যায্য, যা আগে ছিলও।",""
"1728733058-86","https://www.prothomalo.com/","পাঁচ বছরের জন্য আয়করমুক্ত সুবিধা ফিরে পেয়েছে গ্রামীণ ব্যাংক","https://www.prothomalo.com/business/1t89cddb73","","কর আরোপের ক্ষেত্রে জাতীয় সংসদে তা অনুমোদনের প্রয়োজনীয়তা থাকলেও কর অব্যাহতি সরকার দিতে পারে বলেও মন্তব্য করেন এনবিআর চেয়ারম্যান আবদুর রহমান খান।",""
"1728733058-87","https://www.prothomalo.com/","পাঁচ বছরের জন্য আয়করমুক্ত সুবিধা ফিরে পেয়েছে গ্রামীণ ব্যাংক","https://www.prothomalo.com/business/1t89cddb73","","এমআরএর ২০২৩ সালের তথ্যভান্ডার অনুযায়ী, গ্রামীণ ব্যাংকের সদস্য ১ কোটি ৩ লাখ ৬০ হাজার জন। এর মধ্যে ৭১ লাখ ৬০ হাজার ঋণগ্রহীতা সদস্য ঋণ নিয়েছেন ২৪ হাজার ৭৫৭ কোটি টাকা। এ ছাড়া ব্যাংকটির সদস্যদের ঋণের স্থিতি ১৬ হাজার ১৫০ কোটি টাকা আর সঞ্চয় স্থিতি ২২ হাজার ৬৮২ কোটি টাকা।",""
"1728733058-88","https://www.prothomalo.com/","পাঁচ বছরের জন্য আয়করমুক্ত সুবিধা ফিরে পেয়েছে গ্রামীণ ব্যাংক","https://www.prothomalo.com/business/1t89cddb73","","এদিকে আস–সুন্নাহ ফাউন্ডেশনের দান করা অর্থের ওপরও ২০২৯ সাল পর্যন্ত আয়কর দিতে হবে না বলে ভিন্ন প্রজ্ঞাপন জারি করেছে এনবিআর। ২০১৭ সালে যাত্রা শুরু করা শায়খ আহমাদুল্লাহ প্রতিষ্ঠিত এ দাতব্য প্রতিষ্ঠান সাম্প্রতিক বন্যায় ত্রাণ তৎপরতা পরিচালনা করে আলোচনায় আসে। ২০২০ সালের করোনা প্রাদুর্ভাবের সময়ও সংগঠনটি দাতব্য কার্যক্রম করে প্রশংসিত হয়। ২০২২ সালে সিলেট ও সুনামগঞ্জ অঞ্চলে প্রবল বন্যা এবং চলতি বছরের আগস্টের বন্যায় সংগঠনটি ব্যাপক মাত্রায় ত্রাণ কার্যক্রম পরিচালনা করে।",""
"1728733058-89","https://www.prothomalo.com/","পাঁচ বছরের জন্য আয়করমুক্ত সুবিধা ফিরে পেয়েছে গ্রামীণ ব্যাংক","https://www.prothomalo.com/business/1t89cddb73","","এ ছাড়া ২০২৩ তুরস্ক-সিরিয়া ভূমিকম্পের সময়ে তুরস্কে শীতবস্ত্র পাঠায় আস–সুন্নাহ ফাউন্ডেশন। বন্যার্ত ব্যক্তিদের ত্রাণ বিতরণ ও বন্যা–পরবর্তী পুনর্বাসনের জন্য চলতি পঞ্জিকা বছরে ১০০ কোটি টাকার সহায়তার লক্ষ্য নির্ধারণ করেছে এ ফাউন্ডেশন।",""
"1728733060-90","https://www.prothomalo.com/","শান্তিরক্ষীদের ওপর হামলা নেতানিয়াহুর পরবর্তী পদক্ষেপ সম্পর্কে কি ইঙ্গিত দিচ্ছে","https://www.prothomalo.com/world/middle-east/3w522p817f","শান্তিরক্ষীদের ওপর হামলা নেতানিয়াহুর পরবর্তী পদক্ষেপ সম্পর্কে কি ইঙ্গিত দিচ্ছে","",""
"1728733060-91","https://www.prothomalo.com/","শান্তিরক্ষীদের ওপর হামলা নেতানিয়াহুর পরবর্তী পদক্ষেপ সম্পর্কে কি ইঙ্গিত দিচ্ছে","https://www.prothomalo.com/world/middle-east/3w522p817f","","লেবাননে ইসরায়েলের স্থল অভিযান দ্বিতীয় সপ্তাহ পার করতে চলল। ইতিমধ্যে, এই অঞ্চলে ইসরায়েলি বাহিনীর যুদ্ধ দ্বিতীয় বর্ষে পদার্পণ করেছে। গত বৃহস্পতিবার রাতে বৈরুতে বিমান হামলা এবং গতকাল শুক্রবার দক্ষিণ লেবাননে দ্বিতীয় দিনের মতো জাতিসংঘ শান্তিরক্ষীদের ওপর ইসরায়েলের গোলা নিক্ষেপের ঘটনায় জোরালো হয়েছে যুদ্ধবিরতির আহ্বান।",""
"1728733060-92","https://www.prothomalo.com/","শান্তিরক্ষীদের ওপর হামলা নেতানিয়াহুর পরবর্তী পদক্ষেপ সম্পর্কে কি ইঙ্গিত দিচ্ছে","https://www.prothomalo.com/world/middle-east/3w522p817f","","এরই মধ্যে, ফিলিস্তিনের গাজা উপত্যকার উত্তরে জাবালিয়া শরণার্থীশিবিরে শুরু হয়েছে ইসরায়েলের নতুন আক্রমণ। যদিও গাজা যুদ্ধের অবসান ঘটাতে ইসরায়েলের প্রতি অব্যাহতভাবে আহ্বান জানিয়ে যাচ্ছে আন্তর্জাতিক সম্প্রদায়। ইরানের গত সপ্তাহের ক্ষেপণাস্ত্র হামলার জবাব দিতে ইসরায়েলের প্রস্তুতি নেওয়ার প্রেক্ষাপটে দেশটির মিত্ররাও তাকে সংযম দেখানোর আহ্বান জানাচ্ছে।",""
"1728733060-93","https://www.prothomalo.com/","শান্তিরক্ষীদের ওপর হামলা নেতানিয়াহুর পরবর্তী পদক্ষেপ সম্পর্কে কি ইঙ্গিত দিচ্ছে","https://www.prothomalo.com/world/middle-east/3w522p817f","","এত কিছুর পরও ইসরায়েল তার নিজের পথে এগিয়ে চলেছে। উপেক্ষা করছে ওইসব চাপ ও আহ্বান। দেশটির এই একগুঁয়েমির পেছনে আছে মূলত তিনটি বিষয়—৭ অক্টোবর, বেনিয়ামিন নেতানিয়াহু ও যুক্তরাষ্ট্র।",""
"1728733060-94","https://www.prothomalo.com/","শান্তিরক্ষীদের ওপর হামলা নেতানিয়াহুর পরবর্তী পদক্ষেপ সম্পর্কে কি ইঙ্গিত দিচ্ছে","https://www.prothomalo.com/world/middle-east/3w522p817f","","২০২০ সালের জানুয়ারি মাসের কথা। একদিন নৈশ ফ্লাইটে ইরানের জেনারেল কাসেম সোলাইমানি সিরিয়ার দামেস্ক থেকে ইরাকের বাগদাদ বিমানবন্দরে এসে অবতরণ করেন। তিনি ইরানের বিপ্লবী গার্ড বাহিনীর বিশেষ শাখা কুদস ফোর্সের প্রধান ছিলেন। এ ফোর্স বিদেশে ইরানের সামরিক কার্যক্রম পরিচালনা করে থাকে।",""
"1728733060-95","https://www.prothomalo.com/","শান্তিরক্ষীদের ওপর হামলা নেতানিয়াহুর পরবর্তী পদক্ষেপ সম্পর্কে কি ইঙ্গিত দিচ্ছে","https://www.prothomalo.com/world/middle-east/3w522p817f","","কুদস ফোর্সের প্রধান শত্রু ইসরায়েল। লক্ষ্য অর্জনে এ বাহিনী ইরাক, লেবানন, ফিলিস্তিন ও অন্যান্য স্থানে তার প্রক্সি বাহিনীকে অস্ত্রশস্ত্রে সজ্জিত করা, প্রশিক্ষণ দেওয়া ও অর্থায়নে কাজ করছে। ইরানের সর্বোচ্চ নেতা আয়াতুল্লাহ আলী খামেনির পর কাসেম সোলাইমানিকে দেশটির সবচেয়ে প্রভাবশালী ব্যক্তি বলে মনে করা হতো।",""
"1728733060-96","https://www.prothomalo.com/","শান্তিরক্ষীদের ওপর হামলা নেতানিয়াহুর পরবর্তী পদক্ষেপ সম্পর্কে কি ইঙ্গিত দিচ্ছে","https://www.prothomalo.com/world/middle-east/3w522p817f","","সোলাইমানির গাড়িবহর বিমানবন্দর ছাড়ার সঙ্গে সঙ্গে ড্রোন থেকে চালানো ক্ষেপণাস্ত্র হামলায় ঘটনাস্থলেই নিহত হন তিনি।",""
"1728733060-97","https://www.prothomalo.com/","শান্তিরক্ষীদের ওপর হামলা নেতানিয়াহুর পরবর্তী পদক্ষেপ সম্পর্কে কি ইঙ্গিত দিচ্ছে","https://www.prothomalo.com/world/middle-east/3w522p817f","","এ হামলায় ইসরায়েল গোয়েন্দা তথ্য দিয়ে সহায়তা করেছে। ড্রোনটি ছিল যুক্তরাষ্ট্রের। কাসেম সোলাইমানিকে হত্যার ওই নির্দেশ ইসরায়েলি প্রধানমন্ত্রী বেনিয়ামিন নেতানিয়াহু নন, দিয়েছিলেন তৎকালীন মার্কিন প্রেসিডেন্ট ডোনাল্ড ট্রাম্প। পরে এক সাক্ষাৎকারে ডোনাল্ড ট্রাম্প বলেছিলেন, কাসেম সোলাইমানির ওপর হামলার ঘটনায় তিনি ইসরায়েলের কাছ থেকে আরও সক্রিয় ভূমিকা আশা করেছিলেন।",""
"1728733060-98","https://www.prothomalo.com/","শান্তিরক্ষীদের ওপর হামলা নেতানিয়াহুর পরবর্তী পদক্ষেপ সম্পর্কে কি ইঙ্গিত দিচ্ছে","https://www.prothomalo.com/world/middle-east/3w522p817f","","সোলাইমানিকে হত্যার ঘটনার প্রশংসা করেছিলেন নেতানিয়াহু। ধারণা করা হয়, এ হত্যায় ইসরায়েল সরাসরি অংশ নিলে দেশটির বিরুদ্ধে ব্যাপক আক্রমণ শুরুর আশঙ্কা করেছিলেন তিনি। এ আক্রমণ হয় ইরানের তরফে, নয় লেবানন ও ফিলিস্তিনে থাকা তার প্রক্সি বাহিনীর পক্ষ থেকে হতো। প্রত্যক্ষ যুদ্ধ এড়াতে ইসরায়েল ইরানের সঙ্গে ছায়াযুদ্ধ চালিয়ে যাচ্ছে। অবশ্য, বৃহত্তর আঞ্চলিক যুদ্ধে অন্যান্য দেশের জড়িয়ে পড়ার আশঙ্কায় দুইপক্ষ ছায়াযুদ্ধকে নিজেদের নির্দিষ্ট গণ্ডির মধ্যে রাখতে সচেতন।",""
"1728733060-99","https://www.prothomalo.com/","শান্তিরক্ষীদের ওপর হামলা নেতানিয়াহুর পরবর্তী পদক্ষেপ সম্পর্কে কি ইঙ্গিত দিচ্ছে","https://www.prothomalo.com/world/middle-east/3w522p817f","","মাত্র চার বছর পরই এ বছরের এপ্রিলে বেনিয়ামিন নেতানিয়াহু স্বয়ং সিরিয়ার দামেস্কে ইরানি কূটনৈতিক ভবনে ইসরায়েলি যুদ্ধবিমান থেকে বোমা হামলা চালানোর নির্দেশ দেন। হামলায় অন্যদের সঙ্গে ইরানের দুই জেনারেল নিহত হন।",""
"1728733060-100","https://www.prothomalo.com/","শান্তিরক্ষীদের ওপর হামলা নেতানিয়াহুর পরবর্তী পদক্ষেপ সম্পর্কে কি ইঙ্গিত দিচ্ছে","https://www.prothomalo.com/world/middle-east/3w522p817f","","এর পর গত জুলাইয়ে বৈরুতে লেবাননের সশস্ত্র গোষ্ঠী হিজবুল্লাহর শীর্ষস্থানীয় সামরিক কমান্ডার ফুয়াদ শোকরকে বিমান হামলা চালিয়ে হত্যা করার বিষয়ে অনুমোদন দেন নেতানিয়াহু।",""
"1728733060-101","https://www.prothomalo.com/","শান্তিরক্ষীদের ওপর হামলা নেতানিয়াহুর পরবর্তী পদক্ষেপ সম্পর্কে কি ইঙ্গিত দিচ্ছে","https://www.prothomalo.com/world/middle-east/3w522p817f","","এর আগে গত বছরের ৭ অক্টোবর মঞ্চায়ন হয় আরেক দৃশ্যপটের। ওই দিন ফিলিস্তিনি স্বাধীনতাকামী গোষ্ঠী হামাস ইসরায়েলের ভেতর নজিরবিহীন হামলা চালায়। ইসরায়েলের ইতিহাসে রক্তক্ষয়ী এ হামলা ছিল দেশটির রাজনৈতিক, সামরিক ও গোয়েন্দা ব্যর্থতারই প্রতিফলন।",""
"1728733060-102","https://www.prothomalo.com/","শান্তিরক্ষীদের ওপর হামলা নেতানিয়াহুর পরবর্তী পদক্ষেপ সম্পর্কে কি ইঙ্গিত দিচ্ছে","https://www.prothomalo.com/world/middle-east/3w522p817f","","এদিকে, যুক্তরাষ্ট্রের জো বাইডেন প্রশাসন ইসরায়েলকে শত শত কোটি ডলারের অস্ত্র সহায়তা দিয়ে যাচ্ছে। অন্যদিকে, ইসরায়েলি হামলায় গাজায় বেঘোরে মারা পড়ছেন মানুষ। বিপুলসংখ্যক মানুষের প্রাণহানি ও গাজার বাসিন্দাদের অবর্ণনীয় দুর্দশায় রাজনৈতিক ভাবমূর্তি ক্ষুণ্ন হওয়ার শিকার মার্কিন প্রশাসন। ব্যাপক সমালোচনা ও আন্তর্জাতিক চাপের মুখে অনেক দিন ধরেই গাজায় যুদ্ধবিরতি প্রতিষ্ঠার চেষ্টা চালাচ্ছে যুক্তরাষ্ট্র।",""
"1728733060-103","https://www.prothomalo.com/","শান্তিরক্ষীদের ওপর হামলা নেতানিয়াহুর পরবর্তী পদক্ষেপ সম্পর্কে কি ইঙ্গিত দিচ্ছে","https://www.prothomalo.com/world/middle-east/3w522p817f","","গাজায় যুদ্ধ চালিয়ে যাওয়ার মধ্যে চলতি গ্রীষ্মে হিজবুল্লাহর সঙ্গে সংঘাত বাড়ানোকে বেছে নিয়েছে ইসরায়েল। এ ক্ষেত্রে ঘনিষ্ঠ মিত্র যুক্তরাষ্ট্রের অনুমোদনের অপেক্ষা করেনি দেশটি।",""
"1728733060-104","https://www.prothomalo.com/","শান্তিরক্ষীদের ওপর হামলা নেতানিয়াহুর পরবর্তী পদক্ষেপ সম্পর্কে কি ইঙ্গিত দিচ্ছে","https://www.prothomalo.com/world/middle-east/3w522p817f","","ইসরায়েলের সবচেয়ে বেশি সময় ধরে দায়িত্ব পালন করে চলা প্রধানমন্ত্রী নেতানিয়াহু তাঁর ২০ বছরের বেশি সময়ের অভিজ্ঞতা থেকে বুঝেছেন, যুক্তরাষ্ট্রের চাপ একেবারে এড়ানো না গেলেও কোনো না কোনোভাবে তিনি তা ঠেকিয়ে রাখতে পারবেন। তিনি জানেন, বিশেষ করে মার্কিন প্রেসিডেন্ট নির্বাচনের এ বছরে যুক্তরাষ্ট্র এমন কোনো পদক্ষেপ নেবে না, যা তাঁকে (নেতানিয়াহু) লক্ষ্যচ্যুত করতে পারে।",""
"1728733060-105","https://www.prothomalo.com/","শান্তিরক্ষীদের ওপর হামলা নেতানিয়াহুর পরবর্তী পদক্ষেপ সম্পর্কে কি ইঙ্গিত দিচ্ছে","https://www.prothomalo.com/world/middle-east/3w522p817f","","ইসরায়েল এখন যুদ্ধ চালিয়ে যেতে বদ্ধপরিকর। এটি শুধু এ জন্য নয় যে দেশটি মনে করে, তারা আন্তর্জাতিক চাপ উপেক্ষা করতে সক্ষম। বরং এর পেছনে রয়েছে ৭ অক্টোবরের ঘটনার পর থেকে তার বাইরের হুমকি সহ্য করার সক্ষমতার বিষয়টিও।",""
"1728733060-106","https://www.prothomalo.com/","শান্তিরক্ষীদের ওপর হামলা নেতানিয়াহুর পরবর্তী পদক্ষেপ সম্পর্কে কি ইঙ্গিত দিচ্ছে","https://www.prothomalo.com/world/middle-east/3w522p817f","","যুদ্ধের ধারাবাহিকতায় ইসরায়েল তেহরানে অতিথি হিসেবে থাকাকালেই হামাসপ্রধান ইসমাইল হানিয়াকে হত্যা করেছে; হত্যা করেছে হিজবুল্লাহর প্রধান হাসান নাসরুল্লাহসহ সংগঠনটির বেশ কয়েকজন শীর্ষস্থানীয় নেতাকে। আরও হত্যা করেছে সিরিয়ায় কূটনৈতিক এলাকায় অবস্থানকারী ইরানের জ্যেষ্ঠ কর্মকর্তাদের।",""
"1728733060-107","https://www.prothomalo.com/","শান্তিরক্ষীদের ওপর হামলা নেতানিয়াহুর পরবর্তী পদক্ষেপ সম্পর্কে কি ইঙ্গিত দিচ্ছে","https://www.prothomalo.com/world/middle-east/3w522p817f","","এসব ঘটনার জবাবে ইরান–সমর্থিত হিজবুল্লাহ ইসরায়েলের বিভিন্ন শহরে ছুড়েছে ৯ হাজারের বেশি ক্ষেপণাস্ত্র, রকেট ও ড্রোন। তেল আবিবে হামলা চালিয়েছে ব্যালিস্টিক ক্ষেপণাস্ত্রের। বসে নেই ইরান–সমর্থিত ইয়েমেনের হুথি বিদ্রোহীরাও। তাঁরাও ইসরায়েলের বিভিন্ন শহরে চালিয়েছ ক্ষেপণাস্ত্র হামলা। যদিও এসব হামলার বেশির ভাগই যুক্তরাষ্ট্রের সহায়তায় প্রতিরোধ করেছে ইসরায়েল।",""
"1728733060-108","https://www.prothomalo.com/","শান্তিরক্ষীদের ওপর হামলা নেতানিয়াহুর পরবর্তী পদক্ষেপ সম্পর্কে কি ইঙ্গিত দিচ্ছে","https://www.prothomalo.com/world/middle-east/3w522p817f","","আর ইরান গত ৬ মাসে ইসরায়েলে শুধু একবার নয় দুবার সরাসরি হামলা চালিয়েছে। হামলায় তারা ব্যবহার করেছে ৫ শতাধিক ড্রোন ও ক্ষেপণাস্ত্র। অন্যদিকে, বর্তমানে গাজার পাশাপাশি লেবাননে আগ্রাসন শুরু করেছে ইসরায়েল।",""
"1728733063-109","https://www.prothomalo.com/","ঢাকা উত্তর সিটিতে সড়কে খোঁড়াখুঁড়ি, মানুষের দুর্ভোগ","https://www.prothomalo.com/bangladesh/capital/1nonmy2qgp","ঢাকা উত্তর সিটিতে সড়কে খোঁড়াখুঁড়ি, মানুষের দুর্ভোগ","",""
"1728733063-110","https://www.prothomalo.com/","ঢাকা উত্তর সিটিতে সড়কে খোঁড়াখুঁড়ি, মানুষের দুর্ভোগ","https://www.prothomalo.com/bangladesh/capital/1nonmy2qgp","","জুলাইয়ের শুরুর দিকে রাজধানীর মিরপুরের পশ্চিম কাজীপাড়া মসজিদ সড়কের সংস্কারকাজ শুরু করে ঢাকা উত্তর সিটি করপোরেশন। এর পর থেকে তিন মাস এ সড়কে যান চলাচল বন্ধ রয়েছে। এর কারণ সড়কের কিছু জায়গা কাটা হয়েছে। আবার কিছু অংশে ফেলে রাখা হয়েছে নালা নির্মাণের জন্য আনা কংক্রিটের পাইপ। পরিস্থিতি এমন যে এখন হাঁটাও কঠিন হয়ে পড়েছে এ সড়কে।",""
"1728733063-111","https://www.prothomalo.com/","ঢাকা উত্তর সিটিতে সড়কে খোঁড়াখুঁড়ি, মানুষের দুর্ভোগ","https://www.prothomalo.com/bangladesh/capital/1nonmy2qgp","","এ সড়কের পাশের একটি খাবার হোটেলের মালিক ফরিদ উদ্দিনের সঙ্গে কথা হয় গত মঙ্গলবার। তিনি বলেন, আন্দোলন (বৈষম্যবিরোধী ছাত্র আন্দোলন) শুরু হওয়ার পর সড়ক সংস্কারের কাজ বন্ধ হয়ে যায়। ঠিকাদারের লোকজন আর আসছেন না। তাঁদের খননযন্ত্রটিও (এক্সকাভেটর) পড়ে আছে। মানুষের চলাচলে ভীষণ কষ্ট হচ্ছে। আবার বৃষ্টি হলে এ সড়কে জলাবদ্ধতা হয়। কোথাও কোথাও হাঁটুপানি জমে।",""
"1728733063-112","https://www.prothomalo.com/","ঢাকা উত্তর সিটিতে সড়কে খোঁড়াখুঁড়ি, মানুষের দুর্ভোগ","https://www.prothomalo.com/bangladesh/capital/1nonmy2qgp","","কাজীপাড়া মসজিদ সড়ক প্রায় ৮০০ মিটার দীর্ঘ। এ সড়ক দিয়ে কাজীপাড়া থেকে মিরপুর ৬০ ফুট এলাকায় যেতে হয়। প্রতিদিন হাজারো মানুষকে ভোগান্তি নিয়ে এ সড়ক পার হতে হয়।",""
"1728733063-113","https://www.prothomalo.com/","ঢাকা উত্তর সিটিতে সড়কে খোঁড়াখুঁড়ি, মানুষের দুর্ভোগ","https://www.prothomalo.com/bangladesh/capital/1nonmy2qgp","","ঢাকা উত্তর সিটির প্রকৌশল বিভাগ সূত্র জানায়, কাজীপাড়া মসজিদ সড়ক সংস্কারকাজের ঠিকাদার মাইশা কনস্ট্রাকশন প্রাইভেট লিমিটেড। প্রতিষ্ঠানটির মালিক মোহাম্মদ পারভেজ। আওয়ামী লীগ সরকার ক্ষমতাচ্যুত হওয়ার পরে তাঁকে আর প্রকাশ্যে দেখা যাচ্ছে না।",""
"1728733063-114","https://www.prothomalo.com/","ঢাকা উত্তর সিটিতে সড়কে খোঁড়াখুঁড়ি, মানুষের দুর্ভোগ","https://www.prothomalo.com/bangladesh/capital/1nonmy2qgp","","তবে মোহাম্মদ পারভেজের সঙ্গে বুধবার হোয়াটসঅ্যাপে যোগাযোগ করতে পেরেছে প্রথম আলো। তিনি বলেন, শিগগিরিই আবার কাজ শুরু হবে।",""
"1728733063-115","https://www.prothomalo.com/","ঢাকা উত্তর সিটিতে সড়কে খোঁড়াখুঁড়ি, মানুষের দুর্ভোগ","https://www.prothomalo.com/bangladesh/capital/1nonmy2qgp","","কাজীপাড়ার ওই সড়কই নয়, ঢাকা উত্তর সিটির আওতাধীন অনেক এলাকার সড়ক ও অলিগলি খোঁড়াখুঁড়ি-কাটাকাটি কিংবা খানাখন্দের কারণে এখন চলাচলের অনুপযোগী হয়ে পড়েছে। কোথাও সড়ক সংস্কারের কাজ করছে খোদ সিটি করপোরেশন। কোথাও আবার ঢাকা ওয়াসার পানির সরবরাহের সংযোগ স্থাপন ও অন্যান্য সেবা সংস্থার উন্নয়নকাজের জন্য সড়ক কেটে রাখা হয়েছে। আবার রক্ষণাবেক্ষণের অভাবে অনেক এলাকার সড়কের পিচ উঠে খানাখন্দ তৈরি হয়েছে।",""
"1728733063-116","https://www.prothomalo.com/","ঢাকা উত্তর সিটিতে সড়কে খোঁড়াখুঁড়ি, মানুষের দুর্ভোগ","https://www.prothomalo.com/bangladesh/capital/1nonmy2qgp","","ঢাকা উত্তর সিটি এলাকায় সড়ক রয়েছে প্রায় ১ হাজার ৩৪০ কিলোমিটার। এর মধ্যে প্রধান সড়ক ১৯০ কিলোমিটার, সংযোগ সড়ক (সেকেন্ডারি রোড) প্রায় ৩৪৫ কিলোমিটার ও অলিগলির সড়ক প্রায় ৮০৫ কিলোমিটার। এর মধ্যে সিটি করপোরেশনের প্রকৌশল বিভাগের হিসাবে ১৫০ কিলোমিটারের বেশি সড়কের সংস্কার বা মেরামত এখন জরুরি হয়ে পড়েছে।",""
"1728733063-117","https://www.prothomalo.com/","ঢাকা উত্তর সিটিতে সড়কে খোঁড়াখুঁড়ি, মানুষের দুর্ভোগ","https://www.prothomalo.com/bangladesh/capital/1nonmy2qgp","","সিটি করপোরেশন সূত্র বলছে, অগ্রাধিকার ভিত্তিতে ৭১ কিলোমিটার সড়ক সংস্কারের পরিকল্পনা নেওয়া হয়েছে। এতে ব্যয় হবে প্রায় ৩৫৫ কোটি টাকা। সড়ক সংস্কারের সঙ্গে ৬১ কিলোমিটার নালা ও ১৫ কিলোমিটার ফুটপাত নতুন করে নির্মাণ করা হবে। আর চলতি অর্থবছরে সড়ক সংস্কার (নালা ও ফুটপাত নির্মাণসহ) কাজে সাড়ে ৬০০ কোটি টাকা বরাদ্দ রাখা হয়েছে।",""
"1728733063-118","https://www.prothomalo.com/","ঢাকা উত্তর সিটিতে সড়কে খোঁড়াখুঁড়ি, মানুষের দুর্ভোগ","https://www.prothomalo.com/bangladesh/capital/1nonmy2qgp","","ঢাকা উত্তর সিটির তত্ত্বাবধায়ক প্রকৌশলী (ভারপ্রাপ্ত) ফারুক হাসান মো. আল মাসুদ প্রথম আলোকে বলেন, যেসব সড়কে ছোটখাটো গর্ত হয়েছে, সেগুলো মেরামত করা হচ্ছে। যেসব সড়ক বিভিন্ন সংস্থা কাটছে, তাদের কাজ শেষ হওয়ার পর তা মেরামত করা হবে।",""
"1728733063-119","https://www.prothomalo.com/","ঢাকা উত্তর সিটিতে সড়কে খোঁড়াখুঁড়ি, মানুষের দুর্ভোগ","https://www.prothomalo.com/bangladesh/capital/1nonmy2qgp","","বছরজুড়ে কাটাকাটি-খোঁড়াখুঁড়ি",""
"1728733063-120","https://www.prothomalo.com/","ঢাকা উত্তর সিটিতে সড়কে খোঁড়াখুঁড়ি, মানুষের দুর্ভোগ","https://www.prothomalo.com/bangladesh/capital/1nonmy2qgp","","মোহাম্মদপুর এলাকার বেশির ভাগ সড়কে খোঁড়াখুঁড়ির কাজ শুরু হয় এ বছরের শুরুতে। সেখানকার বিভিন্ন সড়কের নিচ দিয়ে নালা নির্মাণের জন্য পাইপ বসাচ্ছে সিটি করপোরেশন। আবার কিছু সড়কে ঢাকা ওয়াসা পানির পাইপ বসাচ্ছে। আবার কিছু সড়ক কাটা হয়েছে বিদ্যুৎ ও ইন্টারনেট সংযোগ স্থাপনের লাইন বসাতে। ফলে পুরো মোহাম্মদপুর এলাকার বেশির ভাগ সড়কে চলাচলের ক্ষেত্রে দুর্ভোগের শিকার হচ্ছে মানুষ।",""
"1728733063-121","https://www.prothomalo.com/","ঢাকা উত্তর সিটিতে সড়কে খোঁড়াখুঁড়ি, মানুষের দুর্ভোগ","https://www.prothomalo.com/bangladesh/capital/1nonmy2qgp","","গত মঙ্গল ও বুধবার মোহাম্মদপুর এলাকা ঘুরে দেখা যায়, আসাদ গেট থেকে রেসিডেন্সিয়াল মডেল স্কুল ও কলেজ পর্যন্ত সড়কের এক পাশে প্রায় দুই ফুট চওড়া করে কাটা হয়েছে। কাটা অংশ দেবে গিয়ে মূল রাস্তা থেকে নিচু হয়ে গেছে। আসাদ গেট থেকে মোহাম্মদপুর বাসস্ট্যান্ডের দিকে যাওয়ার সড়ক আসাদ অ্যাভিনিউর চিত্রও একই। এ ছাড়া কাটাসুর, শের-শাহ সুরি রোড, তাজমহল রোড, বাঁশবাড়ি রোড, রাজিয়া সুলতানা রোড ও নুরজাহান রোডের সংযোগ সড়কগুলোর (বাইলেন) কোথাও এক পাশে, আবার কোথাও কিছু দূর পরপর আড়াআড়ি করে কেটে রাখা হয়েছে।",""
"1728733063-122","https://www.prothomalo.com/","ঢাকা উত্তর সিটিতে সড়কে খোঁড়াখুঁড়ি, মানুষের দুর্ভোগ","https://www.prothomalo.com/bangladesh/capital/1nonmy2qgp","","মোহাম্মদপুরে নবোদয় ও মোহাম্মদিয়া হাউজিং লিমিটেডের প্রধান রাস্তা, রিং রোড, ইকবাল রোড, আওরঙ্গজেব রোড, গজনবী রোড, শাহজাহান রোড, হাজি চিনু মিয়া রোড, জান্নাতবাগ, বাবর রোড, মাদ্রাসা রোডেও চলছে খোঁড়াখুঁড়ি।",""
"1728733063-123","https://www.prothomalo.com/","ঢাকা উত্তর সিটিতে সড়কে খোঁড়াখুঁড়ি, মানুষের দুর্ভোগ","https://www.prothomalo.com/bangladesh/capital/1nonmy2qgp","","মোহাম্মদপুর এলাকা ঢাকা উত্তর সিটির অঞ্চল-৫–এর আওতাধীন। এ অঞ্চলের নির্বাহী প্রকৌশলী নুরুল আলম প্রথম আলোকে বলেন, মোহাম্মদপুর এলাকায় ঢাকা ওয়াসা কর্তৃপক্ষ পানি লাইন বসাচ্ছে। ওয়াসার ঠিকাদার সড়ক খননের নীতিমালা না মানার কারণেই মানুষের ভোগান্তি বেশি হচ্ছে।",""
"1728733063-124","https://www.prothomalo.com/","ঢাকা উত্তর সিটিতে সড়কে খোঁড়াখুঁড়ি, মানুষের দুর্ভোগ","https://www.prothomalo.com/bangladesh/capital/1nonmy2qgp","","চলাচল অনুপযোগী ৬০ ফুট সড়ক",""
"1728733063-125","https://www.prothomalo.com/","ঢাকা উত্তর সিটিতে সড়কে খোঁড়াখুঁড়ি, মানুষের দুর্ভোগ","https://www.prothomalo.com/bangladesh/capital/1nonmy2qgp","","আগারগাঁও থেকে পীরেরবাগ হয়ে মিরপুর-২ পর্যন্ত ৬০ ফুট সড়কের (কামাল সরণি) তিন কিলোমিটার অংশ এখন যান চলাচলের অনুপযোগী হয়ে পড়েছে। সবচেয়ে বেশি খারাপ অবস্থা দক্ষিণ, মধ্য ও উত্তর পীরেরবাগ এলাকায়। সেখানকার সড়কে কিছু দূর পরপর ছোট-বড় গর্তের সৃষ্টি হয়েছে। কোনো কোনো অংশে সড়ক দেবে গেছে। মঙ্গলবার বিকেলে ঢাকা উত্তর সিটির কর্মীরা ওই সড়কের গর্ত ভরাটের জন্য পরিত্যক্ত ইটের টুকরা (রাবিশ) ফেলছিলেন।",""
"1728733063-126","https://www.prothomalo.com/","ঢাকা উত্তর সিটিতে সড়কে খোঁড়াখুঁড়ি, মানুষের দুর্ভোগ","https://www.prothomalo.com/bangladesh/capital/1nonmy2qgp","","পীরেরবাগের বাসিন্দা আকমল হোসেন বলেন, সড়কের অবস্থা এমন যে রিকশায় উঠলেও উল্টে যাওয়ার ভয় করে। এ সড়ক অটোরিকশা–রিকশায় পার হওয়ার সময় কোমর ব্যথা হয়ে যায়। আবার সড়ক ভাঙাচোরা হওয়ায় যানজট হচ্ছে।",""
"1728733063-127","https://www.prothomalo.com/","ঢাকা উত্তর সিটিতে সড়কে খোঁড়াখুঁড়ি, মানুষের দুর্ভোগ","https://www.prothomalo.com/bangladesh/capital/1nonmy2qgp","","৬০ ফুট সড়ক ঢাকা উত্তর সিটির অঞ্চল-৪–এর অধীন। এ অঞ্চলের প্রকৌশলী আশরাফুল ইসলাম বলেন, ৬০ ফুট সড়ক চলাচলের প্রায় অনুপযোগী হয়ে পড়েছে। কোনোরকমে গাড়ি চলাচল স্বাভাবিক রাখতে জরুরি ভিত্তিতে কিছু মেরামত করা হচ্ছে। একটি প্রকল্পের আওতায় এ সড়ক সংস্কার করা হবে বলে জানান তিনি।",""
"1728733063-128","https://www.prothomalo.com/","ঢাকা উত্তর সিটিতে সড়কে খোঁড়াখুঁড়ি, মানুষের দুর্ভোগ","https://www.prothomalo.com/bangladesh/capital/1nonmy2qgp","","আরও যেসব সড়ক বেহাল",""
"1728733063-129","https://www.prothomalo.com/","ঢাকা উত্তর সিটিতে সড়কে খোঁড়াখুঁড়ি, মানুষের দুর্ভোগ","https://www.prothomalo.com/bangladesh/capital/1nonmy2qgp","","গাবতলী বাস টার্মিনাল থেকে শ্যামলীর দিকে ঢাকা-আরিচা মহাসড়ক ও মিরপুর সড়কের অবস্থাও খারাপ। সড়কের পিচঢালাই বিভিন্ন জায়গায় উঠে গেছে। দেবে গিয়ে কিছু অংশ উঁচু–নিচু হয়ে আছে। অনেক দিন ধরেই সড়কের এ অবস্থা বলে জানান বাসচালকেরা।",""
"1728733063-130","https://www.prothomalo.com/","ঢাকা উত্তর সিটিতে সড়কে খোঁড়াখুঁড়ি, মানুষের দুর্ভোগ","https://www.prothomalo.com/bangladesh/capital/1nonmy2qgp","","উত্তর সিটির প্রকৌশলীরা বলছেন, এ সড়কে বড় ধরনের সংস্কারকাজ করতে হবে। নিয়মিত ব্যবস্থাপনায় সড়ক মেরামত করলে তা টেকসই হবে না।",""
"1728733063-131","https://www.prothomalo.com/","ঢাকা উত্তর সিটিতে সড়কে খোঁড়াখুঁড়ি, মানুষের দুর্ভোগ","https://www.prothomalo.com/bangladesh/capital/1nonmy2qgp","","এদিকে ঢাকা উত্তর সিটিতে নতুন যুক্ত এলাকাগুলোর মধ্যে রাজধানীর উত্তরখান ও দক্ষিণখান এলাকার সড়কগুলোর অবস্থা আরও খারাপ। উন্নয়নকাজের কারণে সড়ক খুঁড়ে দীর্ঘদিন ফেলে রাখায় বৃষ্টি ও নালার পানিতে চরম ভোগান্তিতে রয়েছেন ওই দুই এলাকার সাতটি ওয়ার্ডের বাসিন্দারা। ঢাকা উত্তর সিটির প্রকৌশল বিভাগের হিসাবেই ওই সব এলাকার ৯০ শতাংশ সড়ক এখন চলাচলের অনুপযোগী।",""
"1728733063-132","https://www.prothomalo.com/","ঢাকা উত্তর সিটিতে সড়কে খোঁড়াখুঁড়ি, মানুষের দুর্ভোগ","https://www.prothomalo.com/bangladesh/capital/1nonmy2qgp","","এমন পরিস্থিতি থেকে মুক্তি পেতে গতকাল শুক্রবার সকালে দক্ষিণখান বাজারে মানববন্ধন করেন বাসিন্দারা। ‘দক্ষিণখান-উত্তরখান সচেতন নাগরিক কমিটি’ আয়োজিত ওই মানববন্ধন থেকে দ্রুত সড়কের কাজ শেষ করে চলাচলের উপযোগী করে দেওয়ার দাবি জানানো হয়।",""
"1728733063-133","https://www.prothomalo.com/","ঢাকা উত্তর সিটিতে সড়কে খোঁড়াখুঁড়ি, মানুষের দুর্ভোগ","https://www.prothomalo.com/bangladesh/capital/1nonmy2qgp","","দক্ষিণখান-উত্তরখান সচেতন নাগরিক কমিটির আহ্বায়ক ইয়াছিন রানা মানববন্ধনে বলেন, সড়ক খনন নীতিমালা না মেনে সব সড়ক একসঙ্গে কাটায় মানুষ স্বাভাবিকভাবে যাতায়াত করতে পারছে না। বৃষ্টি হলে ভোগান্তির সীমা থাকে না। তখন হাঁটার মতো অবস্থাও থাকে না।",""
"1728733065-134","https://www.prothomalo.com/","ময়মনসিংহে নিজ বাসার সামনে সাংবাদিককে কুপিয়ে হত্যা","https://www.prothomalo.com/bangladesh/district/7x451w2oyt","ময়মনসিংহে নিজ বাসার সামনে সাংবাদিককে কুপিয়ে হত্যা","",""
"1728733065-135","https://www.prothomalo.com/","ময়মনসিংহে নিজ বাসার সামনে সাংবাদিককে কুপিয়ে হত্যা","https://www.prothomalo.com/bangladesh/district/7x451w2oyt","","ময়মনসিংহ সদর উপজেলায় নিজ বাসার সামনে এক সাংবাদিককে কুপিয়ে হত্যা করা হয়েছে। আজ শনিবার বেলা ১১টার দিকে উপজেলার শম্ভুগঞ্জের মাঝিপাড়ার টানপাড়া এলাকায় এ ঘটনা ঘটে।",""
"1728733065-136","https://www.prothomalo.com/","ময়মনসিংহে নিজ বাসার সামনে সাংবাদিককে কুপিয়ে হত্যা","https://www.prothomalo.com/bangladesh/district/7x451w2oyt","","নিহত স্বপন কুমার ভদ্র (৬৫) তারাকান্দা প্রেসক্লাবের সহসভাপতি। তিনি আগে ময়মনসিংহ থেকে প্রকাশিত দৈনিক স্বজন পত্রিকায় তারাকান্দা উপজেলা প্রতিনিধি ছিলেন। বর্তমানে তিনি কোনো গণমাধ্যমে কর্মরত ছিলেন না। তবে তিনি সামাজিক যোগাযোগমাধ্যম ফেসবুকে এলাকার বিভিন্ন ঘটনা ও বিষয় নিয়ে নিয়মিত লেখালেখি করতেন। স্বপন কুমার ভদ্রের দুই ছেলে ও এক মেয়ে। ছোট ছেলে রনি ভদ্র সেনাবাহিনীতে কর্মরত।",""
"1728733065-137","https://www.prothomalo.com/","ময়মনসিংহে নিজ বাসার সামনে সাংবাদিককে কুপিয়ে হত্যা","https://www.prothomalo.com/bangladesh/district/7x451w2oyt","","নিহত ব্যক্তির পরিবারের সদস্যদের অভিযোগ, লেখালেখির জেরে স্বপন কুমার ভদ্রকে হত্যা করা হয়েছে। বছরখানেক আগেও তাঁর ওপর হামলা হয়েছিল। তাঁদের অভিযোগের পরিপ্রেক্ষিতে পুলিশ আজ দুপুরে সাগর মিয়া (১৮) নামের এক তরুণকে আটক করেছে। সাগর উপজেলার মাঝিপাড়া গ্রামের বাবুল মিয়ার ছেলে।",""
"1728733065-138","https://www.prothomalo.com/","ময়মনসিংহে নিজ বাসার সামনে সাংবাদিককে কুপিয়ে হত্যা","https://www.prothomalo.com/bangladesh/district/7x451w2oyt","","নিহত ব্যক্তির ভাতিজা জুয়েল ভদ্র বলেন, আজ বেলা ১১টার দিকে নিজ বাসার সামনে বসে ছিলেন চাচা (স্বপন ভদ্র)। ওই সময় তাঁকে মাথায় এলোপাতাড়ি কোপানো হয়। বাঁ হাতের কবজি বিচ্ছিন্ন করে ফেলা হয়। চাচির (সবিতা ধর) চিৎকার শুনে স্থানীয় লোকজন এগিয়ে আসেন। রক্তাক্ত অবস্থায় তাঁকে উদ্ধার করে ময়মনসিংহ মেডিকেল কলেজ হাসপাতালে নিয়ে গেলে চিকিৎসক মৃত ঘোষণা করেন।",""
"1728733065-139","https://www.prothomalo.com/","ময়মনসিংহে নিজ বাসার সামনে সাংবাদিককে কুপিয়ে হত্যা","https://www.prothomalo.com/bangladesh/district/7x451w2oyt","","আজ বেলা আড়াইটার দিকে ময়মনসিংহ মেডিকেল কলেজ হাসপাতালের লাশঘরের সামনে গিয়ে দেখা যায় মানুষের জটলা। স্বপন ভদ্রের মরদেহের সুরতহাল করছিলেন কোতোয়ালি মডেল থানার এসআই আবুল কাশেম। তিনি প্রথম আলোকে বলেন, ঘাড়েই ছয়টি কোপ রয়েছে। বাঁ হাতের কবজি বিচ্ছিন্ন। এ ছাড়া শরীরে আরও কোপের আঘাত রয়েছে।",""
"1728733065-140","https://www.prothomalo.com/","ময়মনসিংহে নিজ বাসার সামনে সাংবাদিককে কুপিয়ে হত্যা","https://www.prothomalo.com/bangladesh/district/7x451w2oyt","","নিহত স্বপন কুমার ভদ্রের ভাগনে মানিক সরকার বলেন, ‘মাদক নিয়ে ফেসবুকে পোস্ট করার কারণে আমার মামাকে হত্যা করা হয়েছে। কেন লেখালেখি করেন, সে জন্যই রাগ ছিল। এ কারণে হাতের কবজি বিচ্ছিন্ন করে দেওয়া হয়।’",""
"1728733065-141","https://www.prothomalo.com/","ময়মনসিংহে নিজ বাসার সামনে সাংবাদিককে কুপিয়ে হত্যা","https://www.prothomalo.com/bangladesh/district/7x451w2oyt","","ময়মনসিংহ কোতোয়ালি মডেল থানার ভারপ্রাপ্ত কর্মকর্তা সফিকুল ইসলাম খান বলেন, আটক সাগর এলাকায় বখাটে ও নেশাগ্রস্ত হিসেবে পরিচিত। বিভিন্ন সময় মানুষকে ছুরিকাঘাত করারও অভিযোগ রয়েছে তাঁর বিরুদ্ধে।",""
"1728733065-142","https://www.prothomalo.com/","ময়মনসিংহে নিজ বাসার সামনে সাংবাদিককে কুপিয়ে হত্যা","https://www.prothomalo.com/bangladesh/district/7x451w2oyt","","আজ দুপুরে ঘটনাস্থল পরিদর্শন করেন ময়মনসিংহ পুলিশ সুপার আজিজুল ইসলাম। তিনি প্রথম আলোকে বলেন, আটক সাগর বখাটে ও সন্ত্রাসী। সে হত্যাকারী, এটি নিশ্চিত হওয়া গেছে। সাগরের কর্মকাণ্ড নিয়ে আগেও প্রতিবাদ করেছিল স্বপন ভদ্র। একবার স্বপন ভদ্রের হাতে আঘাত করেছিলেন সাগর। বিষয়টি নিয়ে তদন্ত চলছে। পরে আনুষ্ঠানিকভাবে জানানো হবে।",""
