web-scraper-order,web-scraper-start-url,news-selector,news-selector-href,title,description,images-src
1728741792-1,https://www.prothomalo.com/business,"ন্যাশনাল টি কোম্পানি কয়েকজনকে সুবিধা দিতে শেয়ার বণ্টনে তুঘলকি কাণ্ড, বঞ্চিত সরকার",https://www.prothomalo.com/business/market/dfj9v07ivd,"কয়েকজনকে সুবিধা দিতে শেয়ার বণ্টনে তুঘলকি কাণ্ড, বঞ্চিত সরকার",,
1728741792-2,https://www.prothomalo.com/business,"ন্যাশনাল টি কোম্পানি কয়েকজনকে সুবিধা দিতে শেয়ার বণ্টনে তুঘলকি কাণ্ড, বঞ্চিত সরকার",https://www.prothomalo.com/business/market/dfj9v07ivd,,শেয়ারবাজারে তালিকাভুক্ত ন্যাশনাল টি কোম্পানির (এনটিসি) শেয়ার নিয়ে তুঘলকি কাণ্ড ঘটেছে। কয়েকজন প্রভাবশালী শেয়ারধারীকে বিশেষ সুবিধা দিতে আনুষ্ঠানিকতা শেষ না করেই তড়িঘড়ি করে তাদের মধ্যে নতুন শেয়ার বণ্টন করা হয়েছে। কম দামে কেনা এসব শেয়ার বাড়তি দামে বাজারে বিক্রি করে বিপুল মুনাফার সুযোগ দিতে এ উদ্যোগ নেওয়া হয়েছে বলে সংশ্লিষ্ট সূত্রে জানা যায়। আর এই পুরো প্রক্রিয়ায় বঞ্চিত করা হয়েছে কোম্পানির অন্যতম মালিক সরকারি তিন প্রতিষ্ঠানকে।,
1728741792-3,https://www.prothomalo.com/business,"ন্যাশনাল টি কোম্পানি কয়েকজনকে সুবিধা দিতে শেয়ার বণ্টনে তুঘলকি কাণ্ড, বঞ্চিত সরকার",https://www.prothomalo.com/business/market/dfj9v07ivd,,শেয়ার বণ্টন করা হয়েছে গত ২ অক্টোবর। অথচ সেটি ঢাকা স্টক এক্সচেঞ্জের (ডিএসই) মাধ্যমে শেয়ারধারীদের জানানো হয় ৮ অক্টোবর। এ ধরনের গুরুত্বপূর্ণ ও মূল্য সংবেদনশীল তথ্য তাৎক্ষণিকভাবে জানানোর বিধান থাকলেও কোম্পানিটির ব্যবস্থাপনা কর্তৃপক্ষ কিছু ব্যক্তিকে শেয়ার বিক্রির বাড়তি সুবিধা করে দিতে তা ছয় দিন পরে প্রকাশ করে।,
1728741792-4,https://www.prothomalo.com/business,"ন্যাশনাল টি কোম্পানি কয়েকজনকে সুবিধা দিতে শেয়ার বণ্টনে তুঘলকি কাণ্ড, বঞ্চিত সরকার",https://www.prothomalo.com/business/market/dfj9v07ivd,,"কোম্পানিটির সংশ্লিষ্ট সূত্র জানায়, মূলধন বাড়াতে এনটিসি প্লেসমেন্টের মাধ্যমে বিদ্যমান শেয়ারধারীদের মধ্যে নতুন ২ কোটি ৩৪ লাখ শেয়ার ইস্যুর সিদ্ধান্ত নেয়। গত বছরের এপ্রিলে পুঁজিবাজার নিয়ন্ত্রক সংস্থা বাংলাদেশ সিকিউরিটিজ অ্যান্ড এক্সচেঞ্জ কমিশন (বিএসইসি) বিষয়টি অনুমোদন করে। প্রতিটি শেয়ারের বিক্রয়মূল্য নির্ধারিত হয় ১১৯ টাকা ৫৩ পয়সা। ১০ টাকা অভিহিত মূল্য বা ফেসভ্যালুর সঙ্গে ১০৯ টাকা ৫৩ পয়সা অধিমূল্য বা প্রিমিয়ামসহ এ দাম নির্ধারণ করা হয়। প্লেসমেন্টের মাধ্যমে বিদ্যমান শেয়ারধারীদের মধ্যে একটি সাধারণ শেয়ারের বিপরীতে প্রায় তিনটি নতুন শেয়ার ইস্যুর সিদ্ধান্ত হয়। পরিকল্পনা ছিল, নতুন এই শেয়ার ইস্যুর মাধ্যমে ২৮০ কোটি টাকা সংগ্রহ করা হবে।",
1728741792-5,https://www.prothomalo.com/business,"ন্যাশনাল টি কোম্পানি কয়েকজনকে সুবিধা দিতে শেয়ার বণ্টনে তুঘলকি কাণ্ড, বঞ্চিত সরকার",https://www.prothomalo.com/business/market/dfj9v07ivd,,"গত ৫ আগস্টের আগে এনটিসির মালিকানা ও পরিচালনা পর্ষদে ছিলেন বিগত আওয়ামী লীগ সরকারের সময়কালের প্রভাবশালী ব্যক্তি শেখ কবির হোসেন। এ ছাড়া উল্লেখযোগ্য সংখ্যক শেয়ারের মালিকানা নিয়ে পরিচালক ছিলেন শেয়ারবাজার ও আর্থিক খাতের আলোচিত ব্যক্তি চৌধুরী নাফিজ সরাফাত ও তাঁর প্রতিনিধি। পরে শেয়ার কিনে মালিকানায় যুক্ত হন শিল্পপতি শওকত আলী চৌধুরী ও শিল্পোদ্যোক্তা নাদের খানের পরিবারের সদস্য ও তাঁদের স্বার্থসংশ্লিষ্ট প্রতিষ্ঠান। তবে বিপুল শেয়ারের মালিকানা থাকলেও তাঁরা কোম্পানির পর্ষদে ছিলেন না। কোম্পানি সূত্রে জানা যায়, মূলত নাফিজ সরাফাতই তাঁদেরকে এই চা–বাগানের মালিকানার সঙ্গে যুক্ত করেন। এমনকি কোম্পানির শীর্ষ পদের কর্মকর্তারাও ছিলেন নাফিস সরাফাতের পছন্দ করা ব্যক্তিরা।",
1728741792-6,https://www.prothomalo.com/business,"ন্যাশনাল টি কোম্পানি কয়েকজনকে সুবিধা দিতে শেয়ার বণ্টনে তুঘলকি কাণ্ড, বঞ্চিত সরকার",https://www.prothomalo.com/business/market/dfj9v07ivd,,"নিয়ম অনুযায়ী, এনটিসির প্লেসমেন্ট শেয়ারের চাঁদা গ্রহণসহ যাবতীয় কার্যক্রম সম্পন্ন করতে বেঁধে দেওয়া সময়সীমা ছিল ১৫ অক্টোবর পর্যন্ত। এর মধ্যে গত ১৯ জুন থেকে ১৯ সেপ্টেম্বর পর্যন্ত চলে চাঁদা গ্রহণের কার্যক্রম। নির্ধারিত সময়ে ২৮০ কোটি টাকার বিপরীতে চাঁদা জমা পড়ে মাত্র ৫৪ কোটি টাকা, অর্থাৎ প্রত্যাশার মাত্র ১৯ শতাংশ। বাকি ৮১ শতাংশ শেয়ারধারী তাঁদের জন্য বরাদ্দ করা শেয়ারের জন্য চাঁদা জমা দেননি। এ কারণে কোম্পানির পর্ষদের পক্ষ থেকে মূলধন সংগ্রহ কার্যক্রমের সময় আগামী বছরের মার্চ পর্যন্ত বাড়ানোর জন্য নিয়ন্ত্রক সংস্থার কাছে আবেদন করা হয়। বিএসইসি সময় বাড়ানোর এ আবেদনের বিষয়ে এখনো কোনো সিদ্ধান্ত জানায়নি। এর মধ্যে রাজনৈতিক পটপরিবর্তনের পর এনটিসির পর্ষদ থেকে পদত্যাগ করেন শেখ কবির হোসেন, নাফিজ সরাফাতসহ বিগত সরকার–ঘনিষ্ঠ বেশ কয়েকজন পরিচালক। এরপর ভারপ্রাপ্ত চেয়ারম্যানের দায়িত্ব পান পরিচালক শাকিল রিজভী, যিনি ঢাকা স্টক এক্সচেঞ্জেরও পরিচালক।",
1728741792-7,https://www.prothomalo.com/business,"ন্যাশনাল টি কোম্পানি কয়েকজনকে সুবিধা দিতে শেয়ার বণ্টনে তুঘলকি কাণ্ড, বঞ্চিত সরকার",https://www.prothomalo.com/business/market/dfj9v07ivd,,"জানা যায়, প্লেসমেন্টের আনুষঙ্গিক কার্যক্রম শেষ হওয়ার আগেই যে ১৯ শতাংশ আবেদনকারী চাঁদা জমা দিয়েছিলেন, তাঁদের মধ্যে ২ অক্টোবর শেয়ার বণ্টন করে দেয় কোম্পানি কর্তৃপক্ষ। কোম্পানির পর্ষদের অনুমোদন ছাড়াই কয়েকজন কর্মকর্তা শেয়ার বণ্টনের এই সিদ্ধান্ত নেন। নতুন বরাদ্দ করা সাড়ে ৪৪ লাখ শেয়ারের মধ্যে প্রায় অর্ধেক বা ২২ লাখ শেয়ার  পেয়েছেন শওকত আলী চৌধুরীর ছেলে জারান আলী চৌধুরী ও মেয়ে সাবাহ সামরিন। এর বাইরে শওকত আলী চৌধুরীর বেনামি প্রতিষ্ঠানও উল্লেখযোগ্য শেয়ার বরাদ্দ পেয়েছে। প্রতিটি শেয়ারের জন্য তাঁরা বিনিয়োগ করেছেন ১১৯ টাকা ৫৩ পয়সা; আর কোম্পানিটির শেয়ারের বর্তমান বাজারমূল্য প্রায় ২৫৪ টাকা। সেই হিসাবে প্রতি শেয়ারে মুনাফা হবে ১৩৪ টাকা। বাজারমূল্যে শেয়ার বিক্রি করলে শওকত আলী চৌধুরীর ছেলে ও মেয়ের মুনাফা হয় প্রায় ৩০ কোটি টাকা। বাড়তি এই মুনাফার সুযোগ করে দিতেই তড়িঘড়ি করে শেয়ার বরাদ্দ দেওয়ার এ সিদ্ধান্ত হয়। সংশ্লিষ্ট ব্যক্তিরা জানান, কোম্পানির ভারপ্রাপ্ত ব্যবস্থাপনা পরিচালক (এমডি) সৈয়দ মাহমুদ হাসান ও কোম্পানি সচিব মোল্লা গোলাম মোহাম্মদ এই কর্মকাণ্ডে যুক্ত ছিলেন। যদিও নিয়ম অনুযায়ী, পর্ষদকে জানিয়ে বিনিয়োগকারীদের মধ্যে নতুন শেয়ার বণ্টন করতে হয়।",
1728741792-8,https://www.prothomalo.com/business,"ন্যাশনাল টি কোম্পানি কয়েকজনকে সুবিধা দিতে শেয়ার বণ্টনে তুঘলকি কাণ্ড, বঞ্চিত সরকার",https://www.prothomalo.com/business/market/dfj9v07ivd,,"এ বিষয়ে জানতে কোম্পানির ভারপ্রাপ্ত এমডি সৈয়দ মাহমুদ হাসানের সঙ্গে গত বৃহস্পতিবার যোগাযোগ করা হলে তিনি বলেন, ‘সময় বাড়ানোর আবেদন করে বিএসইসির সাড়া না পেয়ে বিধিমোতাবেক শেয়ার বণ্টন করা হয়েছে। বিশেষ কাউকে সুবিধা দিতে আমরা সিদ্ধান্ত নিইনি।’",
1728741792-9,https://www.prothomalo.com/business,"ন্যাশনাল টি কোম্পানি কয়েকজনকে সুবিধা দিতে শেয়ার বণ্টনে তুঘলকি কাণ্ড, বঞ্চিত সরকার",https://www.prothomalo.com/business/market/dfj9v07ivd,,"পরিচালনা পর্ষদের অনুমোদন ছাড়া ও সময় বাড়ানোর আবেদনের পরও এনটিসির শেয়ার বণ্টনের বিষয়ে জানতে চাইলে নিয়ন্ত্রক সংস্থা বিএসইসির নির্বাহী পরিচালক ও মুখপাত্র মোহাম্মদ রেজাউল করিম প্রথম আলোকে বলেন, ‘পর্ষদের অনুমোদন ছাড়া রাইট বা প্লেসমেন্টের শেয়ার বণ্টনের বিধান নেই। এনটিসির বিষয়টি আমাদের নজরে এসেছে। এ ক্ষেত্রে কারা এবং কেন এ ধরনের ঘটনা ঘটিয়েছে, তা তদন্তের মাধ্যমে খতিয়ে দেখা হবে। এ বিষয়ে শিগগিরই ব্যবস্থা নেওয়া হবে।’",
1728741792-10,https://www.prothomalo.com/business,"ন্যাশনাল টি কোম্পানি কয়েকজনকে সুবিধা দিতে শেয়ার বণ্টনে তুঘলকি কাণ্ড, বঞ্চিত সরকার",https://www.prothomalo.com/business/market/dfj9v07ivd,,সরকারের মালিকানা খর্ব,
1728741792-11,https://www.prothomalo.com/business,"ন্যাশনাল টি কোম্পানি কয়েকজনকে সুবিধা দিতে শেয়ার বণ্টনে তুঘলকি কাণ্ড, বঞ্চিত সরকার",https://www.prothomalo.com/business/market/dfj9v07ivd,,"ন্যাশনাল টির মালিকানার বড় অংশই ছিল সরকারের। সরকারের পক্ষে বাণিজ্য মন্ত্রণালয়, ইনভেস্টমেন্ট করপোরেশন অব বাংলাদেশ (আইসিবি) ও সাধারণ বীমা করপোরেশন কোম্পানিটির প্রায় ৪১ শতাংশ শেয়ার ধারণ করে। বিএসইসির সিদ্ধান্ত ছিল প্লেসমেন্টে সরকারি প্রতিষ্ঠানগুলোকে নির্ধারিত সীমার বেশি শেয়ার দিতে হবে; কিন্তু জুলাই–আগস্টজুড়ে রাজনৈতিক অস্থিরতা ও পরবর্তী সময়ে সরকার বদলের ফলে সময়মতো সরকারি প্রতিষ্ঠানগুলো শেয়ারের চাঁদা জমা দিতে পারেনি। এ অবস্থায় নতুন শেয়ার ইস্যু হওয়ায় কোম্পানিটিতে সরকারি মালিকানার অংশীদারত্ব কমে মাত্র সাড়ে ১৬ শতাংশে নেমে এসেছে।",
1728741792-12,https://www.prothomalo.com/business,"ন্যাশনাল টি কোম্পানি কয়েকজনকে সুবিধা দিতে শেয়ার বণ্টনে তুঘলকি কাণ্ড, বঞ্চিত সরকার",https://www.prothomalo.com/business/market/dfj9v07ivd,,"ফলে সরকারের বদলে কোম্পানিটিতে এখন বেসরকারি গুটিকয়েক ব্যক্তির মালিকানা নিরঙ্কুশ হয়ে গেছে। কোম্পানিটি এখন পুরোপুরি সরকারের নিয়ন্ত্রণের বাইরে চলে যাওয়ার মতো পরিস্থিতি তৈরি হয়েছে। যদিও সরকারি নিয়ন্ত্রণ আরও বাড়াতে বিএসইসি সাধারণ শেয়ারধারীদের চেয়ে প্লেসমেন্ট সরকারি প্রতিষ্ঠানকে বেশি শেয়ার ইস্যুর সিদ্ধান্ত দিয়েছিল। সাধারণ শেয়ারধারীদের জন্য যেখানে বিদ্যমান একটি শেয়ারের বিপরীতে প্রায় তিনটি শেয়ার বরাদ্দ করা হয়, সেখানে সরকারি প্রতিষ্ঠানের জন্য একটির বিপরীতে প্রায় সাড়ে চারটি শেয়ার বরাদ্দ রাখা হয়েছিল।",
1728741792-13,https://www.prothomalo.com/business,"ন্যাশনাল টি কোম্পানি কয়েকজনকে সুবিধা দিতে শেয়ার বণ্টনে তুঘলকি কাণ্ড, বঞ্চিত সরকার",https://www.prothomalo.com/business/market/dfj9v07ivd,,ধুঁকছে এনটিসি,
1728741792-14,https://www.prothomalo.com/business,"ন্যাশনাল টি কোম্পানি কয়েকজনকে সুবিধা দিতে শেয়ার বণ্টনে তুঘলকি কাণ্ড, বঞ্চিত সরকার",https://www.prothomalo.com/business/market/dfj9v07ivd,,"একসময়ের লাভজনক চা কোম্পানি এনটিসি এখন ধুঁকছে। প্রতিবছর লোকসান বাড়ছে। এ কারণে গত বছরের জুনে সমাপ্ত আর্থিক বছরের জন্য কোম্পানি বিনিয়োগকারীদের কোনো লভ্যাংশও দিতে পারেনি। অথচ ২০১৯ সাল পর্যন্ত এনটিসি বিনিয়োগকারীদের ২০ শতাংশের বেশি লভ্যাংশ দিয়ে আসছিল। শেখ কবির হোসেন ও নাফিজ সরাফাতদের হাতে যাওয়ার পর এটির আর্থিক অবস্থা খারাপ হতে থাকে। পাশাপাশি কোম্পানির অভ্যন্তরে দুর্নীতি, অনিয়মের ঘটনাও বেড়েছে। এতে কোম্পানির মালিকানা ও ব্যবস্থাপনার সঙ্গে যুক্ত কিছু ব্যক্তি ব্যক্তিগতভাবে লাভবান হচ্ছেন।",
1728741792-15,https://www.prothomalo.com/business,"ন্যাশনাল টি কোম্পানি কয়েকজনকে সুবিধা দিতে শেয়ার বণ্টনে তুঘলকি কাণ্ড, বঞ্চিত সরকার",https://www.prothomalo.com/business/market/dfj9v07ivd,,"বছর বছর এনটিসির লোকসান বাড়তে থাকায় বাজারে এটির শেয়ারের দামও কমেছে। একদিকে লভ্যাংশ পাচ্ছেন না, অন্যদিকে শেয়ারের দরপতনে পুঁজি হারিয়ে সাধারণ বিনিয়োগকারীদের অনেকে বিপুল আর্থিক ক্ষতির মুখে পড়েছেন। ২০২৩ সালের এপ্রিলেও কোম্পানিটির শেয়ারের বাজারমূল্য ছিল সাড়ে ৭০০ টাকা। সেই দাম কমে এখন ২৫০ টাকায় নেমেছে।",
1728741792-16,https://www.prothomalo.com/business,"ন্যাশনাল টি কোম্পানি কয়েকজনকে সুবিধা দিতে শেয়ার বণ্টনে তুঘলকি কাণ্ড, বঞ্চিত সরকার",https://www.prothomalo.com/business/market/dfj9v07ivd,,"এনটিসির ভারপ্রাপ্ত চেয়ারম্যান শাকিল রিজভী প্রথম আলোকে বলেন, ‘প্লেসমেন্টের শেয়ারের জন্য প্রয়োজনীয় আবেদন জমা না পড়ায় আমরা বোর্ডের পক্ষ থেকে বিএসইসির কাছে সময় বাড়ানোর আবেদন করেছি। সেই সময় বাড়ানোর সিদ্ধান্তের আগে কিছু শেয়ার বিতরণের বিষয়ে আমরা (পর্ষদ) অবগত নই। ব্যবস্থাপনা কর্তৃপক্ষ নিজেদের সিদ্ধান্তে এসব শেয়ার বণ্টন করেছে। তাতে শেয়ার ধারণের ক্ষেত্রে বড় ধরনের সমস্যা দেখা দিয়েছে। বিষয়টি নিয়ে আমরা উদ্বিগ্ন।’",
1728741794-17,https://www.prothomalo.com/business,"চীন দিচ্ছে বিপুল প্রণোদনা, আসছে সাড়ে ৩২ হাজার কোটি ডলারের বিশেষ বন্ড",https://www.prothomalo.com/business/world-business/nggmvganyt,"চীন দিচ্ছে বিপুল প্রণোদনা, আসছে সাড়ে ৩২ হাজার কোটি ডলারের বিশেষ বন্ড",,
1728741794-18,https://www.prothomalo.com/business,"চীন দিচ্ছে বিপুল প্রণোদনা, আসছে সাড়ে ৩২ হাজার কোটি ডলারের বিশেষ বন্ড",https://www.prothomalo.com/business/world-business/nggmvganyt,,"বিশেষ বন্ড ছাড়তে যাচ্ছে চীন। ঝিমিয়ে পড়া অর্থনীতি চাঙা করার লক্ষ্য নিয়ে এই বন্ড ছাড়া হবে, যার মাধ্যমে ৩২ হাজার ৫০০ কোটি ডলারের সমপরিমাণ ২ লাখ ৩০ হাজার কোটি ইউয়ান বাজার থেকে তোলা হবে। আগামী তিন মাস ধরে এই অর্থ আবাসান ব্যবসা, স্থানীয় পুঁজি সরবরাহ ও ব্যাংকব্যবস্থাকে জোরদার করতে ব্যয় করা হবে।",
1728741794-19,https://www.prothomalo.com/business,"চীন দিচ্ছে বিপুল প্রণোদনা, আসছে সাড়ে ৩২ হাজার কোটি ডলারের বিশেষ বন্ড",https://www.prothomalo.com/business/world-business/nggmvganyt,,"বার্তা সংস্থা এএফপি জানিয়েছে, চীনের অর্থমন্ত্রী লান ফো’য়ান ও অন্যান্য কর্মকর্তারা একটি বহুল প্রত্যাশিত সংবাদ সম্মেলনে বন্ড ছাড়ার ঘোষণা দেন। অর্ধনীতি চাঙা করার লক্ষ্য নিয়ে গত সপ্তাহেও বেশ কিছু পদক্ষেপ সরকারের পক্ষ থেকে নেওয়া হয়েছিল। এসব পদক্ষেপের মধ্যে ছিল সুদের হার কমানো ও ব্যাংকগুলোর জন্য অতিরিক্ত অর্থের ব্যবস্থা করা।",
1728741794-20,https://www.prothomalo.com/business,"চীন দিচ্ছে বিপুল প্রণোদনা, আসছে সাড়ে ৩২ হাজার কোটি ডলারের বিশেষ বন্ড",https://www.prothomalo.com/business/world-business/nggmvganyt,,"বছরের পর বছর ধরে চলা আবাসনশিল্পের সংকট ও ভোক্তাদের কম কেনাকাটার কারণে চীনের অর্থনীতি ঝিমিয়ে পড়েছে। কর্মকর্তারা আশা করছেন যে সরকারের নেওয়া পদক্ষেপগুলোর কারণে অর্থনীতির শ্লথগতি ধারা ঠেকানো এবং চলতি বছরে ৫ শতাংশের প্রবৃদ্ধির লক্ষ্যমাত্রা অর্জন করা যাবে। পশ্চিমা দেশগুলোর জন্য ৫ শতাংশ প্রবৃদ্ধি অনেক মনে হলেও চীনের জন্য এই হার বেশ কম, কারণ দেশটি বছরের পর বছর দুই অঙ্কের প্রবৃদ্ধি অর্জন করেছে।",
1728741794-21,https://www.prothomalo.com/business,"চীন দিচ্ছে বিপুল প্রণোদনা, আসছে সাড়ে ৩২ হাজার কোটি ডলারের বিশেষ বন্ড",https://www.prothomalo.com/business/world-business/nggmvganyt,,"চীনের অর্থমন্ত্রী লান ফো’য়ান শনিবার বলেছেন, বেইজিং ট্রেজারি বন্ডের ব্যবহার আরও বাড়াবে এবং একই সঙ্গে অতি দীর্ঘমেয়াদি বিশেষ বন্ড বাজারে ছাড়ার ব্যবস্থা করা হচ্ছে। তিনি বলেন, ‘বিভিন্ন ক্ষেত্রে ব্যবহারের জন্য আগামী তিন মাসে বিশেষ বন্ডের মাধ্যমে ২ লাখ ৩০ হাজার কোটি তোলার ব্যবস্থা করা যাবে।’",
1728741794-22,https://www.prothomalo.com/business,"চীন দিচ্ছে বিপুল প্রণোদনা, আসছে সাড়ে ৩২ হাজার কোটি ডলারের বিশেষ বন্ড",https://www.prothomalo.com/business/world-business/nggmvganyt,,"লান ফো’য়ান আরও জানান, রাষ্ট্র খাতের বড় ব্যাংকগুলোর সহায়তার জন্য বিশেষ সরকারি বন্ড ছাড়ারও পরিকল্পনা করা হচ্ছে। তবে তিনি জানাননি যে এই বন্ড ছেড়ে সরকারি ঠিক কী পরিমাণ অর্থের সংস্থান করার পরিকল্পনা করছে।",
1728741794-23,https://www.prothomalo.com/business,"চীন দিচ্ছে বিপুল প্রণোদনা, আসছে সাড়ে ৩২ হাজার কোটি ডলারের বিশেষ বন্ড",https://www.prothomalo.com/business/world-business/nggmvganyt,,"এসব পদক্ষেপের পাশাপাশি স্থানীয় সরকারগুলোর ঋণ করার সীমাও বাড়িয়ে দিচ্ছে কেন্দ্রীয় সরকার। এর ফলে স্থানীয় সরকারের প্রতিষ্ঠানগুলো অবকাঠামো নির্মাণে আরও বেশি অর্থ খরচ করতে পারবে। সে কারণে স্থানীয় পর্যায়ে কর্মীদের চাকরি রক্ষা করা যাবে। উপ–অর্থমন্ত্রী লিয়াও মিন বলেন, এর ফলে ‘স্থানীয় সরকার ও নির্মাণ কোম্পানিগুলোর তারল্য ও ঋণ পরিস্থিতির উন্নতি হবে।’",
1728741794-24,https://www.prothomalo.com/business,"চীন দিচ্ছে বিপুল প্রণোদনা, আসছে সাড়ে ৩২ হাজার কোটি ডলারের বিশেষ বন্ড",https://www.prothomalo.com/business/world-business/nggmvganyt,,"তবে বেইজিং আরও বেশি আর্থিক প্রণোদনার পদক্ষেপ গ্রহণ না করায় বিশ্লেষকেরা কিছুটা হতাশা ব্যক্ত করেছেন। পিনপয়েন্ট অ্যাসেট ম্যানেজমেন্টের প্রেসিডেন্ট ও প্রধান অর্থনীতিবিদ ঝিওয়েই ঝ্যাং বলেন, মূল কথা হলো বাজারে আরও বেশি বন্ড ছাড়া ও আরও রাজস্ব ঘাটতি হজম করার সক্ষমতা কেন্দ্রীয় সরকারের আছে।",
1728741794-25,https://www.prothomalo.com/business,"চীন দিচ্ছে বিপুল প্রণোদনা, আসছে সাড়ে ৩২ হাজার কোটি ডলারের বিশেষ বন্ড",https://www.prothomalo.com/business/world-business/nggmvganyt,,বন্ধকি ব্যবসায় সহায়তা,
1728741794-26,https://www.prothomalo.com/business,"চীন দিচ্ছে বিপুল প্রণোদনা, আসছে সাড়ে ৩২ হাজার কোটি ডলারের বিশেষ বন্ড",https://www.prothomalo.com/business/world-business/nggmvganyt,,"চীনের অর্থনৈতিক অনিশ্চয়তার কারণে ভোক্তাদের মধ্যে আস্থা কম, ফলে ভোগও কমে গেছে। পরিস্থিতির পরিবর্তনে চীনের নীতিনির্ধারকেরা একগুচ্ছ প্রণোদনা ঘোষণা করেছেন, যার মধ্যে রয়েছে বাড়ি কেনার ক্ষেত্রে ঋণের সুদের হার কমানো ও নিয়মনীতি শিথিল করা। তবে অর্থনীতিবিদেরা বলছেন, ঝিমিয়ে পড়া অর্থনীতিকে পুরোপুরি চাঙা করতে আরও পদক্ষেপ নেওয়া প্রয়োজন।",
1728741794-27,https://www.prothomalo.com/business,"চীন দিচ্ছে বিপুল প্রণোদনা, আসছে সাড়ে ৩২ হাজার কোটি ডলারের বিশেষ বন্ড",https://www.prothomalo.com/business/world-business/nggmvganyt,,"সরকারি পদক্ষেপ গ্রহণ করার পর শনিবার চীনের শীর্ষ ব্যাংকগুলো জানিয়েছে যে বর্তমানে চালু থাকা বন্ধকি ঋণের সুদের হার কমানো হবে। দেশটির রাষ্টনিয়ন্ত্রিত গণমাধ্যম জানিয়েছে, সুদের হার কমানোর এই সিদ্ধান্ত চলতি মাসের ২৫ তারিখ থেকে কার্যকর হবে।",
1728741794-28,https://www.prothomalo.com/business,"চীন দিচ্ছে বিপুল প্রণোদনা, আসছে সাড়ে ৩২ হাজার কোটি ডলারের বিশেষ বন্ড",https://www.prothomalo.com/business/world-business/nggmvganyt,,"চীনের সিসিটিভি চ্যানেল জানিয়েছে, ইন্ডাস্ট্রিয়াল অ্যান্ড কমার্শিয়াল ব্যাংক অব চায়না, অ্যাগ্রিকালচারাল ব্যাংক অব চায়না, ব্যাংক অব চায়না এবং চায়না কনস্ট্রাকশন ব্যাংকসহ বড় ব্যাংকগুলো ঘোষণা করেছে যে তারা ধাপে ধাপে সুদের হার কমিয়ে আনবে। কয়েকটি বড় শহরে দ্বিতীয় বাড়ির জন্য নেওয়া ঋণ বাদে বাকি সব ঋণের জন্য ব্যাংকগুলো ব্যবস্থা নেবে।",
1728741794-29,https://www.prothomalo.com/business,"চীন দিচ্ছে বিপুল প্রণোদনা, আসছে সাড়ে ৩২ হাজার কোটি ডলারের বিশেষ বন্ড",https://www.prothomalo.com/business/world-business/nggmvganyt,,"আর্থিক প্রতিষ্ঠানগুলোকে এক বছরের জন্য যে ঋণ দেওয়া হয়, তার সুদের হার গত মাসে কমিয়েছে বেইজিং। এ ছাড়া একটি ঋণদাতা প্রতিষ্ঠানকে সর্বনিম্ন যে পরিমাণ অর্থ হাতে রাখতে হয়, সেই হারও কমানো হয়েছে। পাশাপাশি কেন্দ্রীয় ব্যাংক চলতি সপ্তাহে বিভিন্ন কোম্পানির জন্য শত শত কোটি ডলারের ব্যবস্থা করেছে, যাতে তারা বাজার থেকে শেয়ার কিনতে পারে।",
1728741794-30,https://www.prothomalo.com/business,"চীন দিচ্ছে বিপুল প্রণোদনা, আসছে সাড়ে ৩২ হাজার কোটি ডলারের বিশেষ বন্ড",https://www.prothomalo.com/business/world-business/nggmvganyt,,,https://images.prothomalo.com/prothomalo-bangla%2F2021-09%2Fbc01638f-961e-4e9a-b6b0-3e1fcd2d5bf5%2Fchina_flag_reuters.jpg?rect=0%2C0%2C800%2C533&auto=format%2Ccompress&fmt=webp&format=webp&w=640&dpr=1.0
1728741797-31,https://www.prothomalo.com/business,পাঁচ বছরের জন্য আয়করমুক্ত সুবিধা ফিরে পেয়েছে গ্রামীণ ব্যাংক,https://www.prothomalo.com/business/1t89cddb73,পাঁচ বছরের জন্য আয়করমুক্ত সুবিধা ফিরে পেয়েছে গ্রামীণ ব্যাংক,,
1728741797-32,https://www.prothomalo.com/business,পাঁচ বছরের জন্য আয়করমুক্ত সুবিধা ফিরে পেয়েছে গ্রামীণ ব্যাংক,https://www.prothomalo.com/business/1t89cddb73,,"ড. মুহাম্মদ ইউনূস প্রতিষ্ঠিত গ্রামীণ ব্যাংক আয়করমুক্ত সুবিধা ফিরে পেয়েছে। প্রতিষ্ঠানটিকে ২০২৯ সাল পর্যন্ত আয়করমুক্ত সুবিধা দিয়ে গত বৃহস্পতিবার প্রজ্ঞাপন জারি করেছে জাতীয় রাজস্ব বোর্ড (এনবিআর)। এনবিআর চেয়ারম্যান মো. আবদুর রহমান খান স্বাক্ষরিত প্রজ্ঞাপন অনুযায়ী, প্রতিবছর গ্রামীণ ব্যাংককে শুধু আয়কর রিটার্ন দাখিল করতে হবে।",
1728741797-33,https://www.prothomalo.com/business,পাঁচ বছরের জন্য আয়করমুক্ত সুবিধা ফিরে পেয়েছে গ্রামীণ ব্যাংক,https://www.prothomalo.com/business/1t89cddb73,,"গ্রামীণ ব্যাংক প্রতিষ্ঠার পর থেকেই কর অব্যাহতি সুবিধা পেয়ে আসছিল। গ্রামীণ ব্যাংক অধ্যাদেশ ১৯৮৩ বাতিল করে সরকার যখন ২০১৩ সালে আইন করে, তখনও বহাল রাখা হয় এ সুবিধা। কিন্তু ২০২১ সালের ১ জানুয়ারি থেকে সুবিধাটি হঠাৎ বন্ধ করে দেয় আওয়ামী লীগ সরকার।",
1728741797-34,https://www.prothomalo.com/business,পাঁচ বছরের জন্য আয়করমুক্ত সুবিধা ফিরে পেয়েছে গ্রামীণ ব্যাংক,https://www.prothomalo.com/business/1t89cddb73,,"এনবিআর চেয়ারম্যান আবদুর রহমান খান প্রথম আলোকে বলেন, নামে ব্যাংক হলেও গ্রামীণ ব্যাংক বাস্তবে ক্ষুদ্রঋণ কার্যক্রমও পরিচালনা করে। মাইক্রোক্রেডিট রেগুলেটরি অথরিটি (এমআরএ) থেকে নিবন্ধন নেওয়া সব ক্ষুদ্রঋণ প্রতিষ্ঠানই আয়করমুক্ত। বিশেষ আইনে প্রতিষ্ঠিত গ্রামীণ ব্যাংককে এমআরএ থেকে নিবন্ধন নেওয়ার দরকার নেই। তবে সেবা দেওয়ার ক্ষেত্রে গ্রামীণ ব্যাংকের বৈশিষ্ট্য এমআরএর প্রতিষ্ঠানগুলোর মতোই। ফলে আয়কর অব্যাহতি পাওয়াটা গ্রামীণ ব্যাংকের ন্যায্য, যা আগে ছিলও।",
1728741797-35,https://www.prothomalo.com/business,পাঁচ বছরের জন্য আয়করমুক্ত সুবিধা ফিরে পেয়েছে গ্রামীণ ব্যাংক,https://www.prothomalo.com/business/1t89cddb73,,কর আরোপের ক্ষেত্রে জাতীয় সংসদে তা অনুমোদনের প্রয়োজনীয়তা থাকলেও কর অব্যাহতি সরকার দিতে পারে বলেও মন্তব্য করেন এনবিআর চেয়ারম্যান আবদুর রহমান খান।,
1728741797-36,https://www.prothomalo.com/business,পাঁচ বছরের জন্য আয়করমুক্ত সুবিধা ফিরে পেয়েছে গ্রামীণ ব্যাংক,https://www.prothomalo.com/business/1t89cddb73,,"এমআরএর ২০২৩ সালের তথ্যভান্ডার অনুযায়ী, গ্রামীণ ব্যাংকের সদস্য ১ কোটি ৩ লাখ ৬০ হাজার জন। এর মধ্যে ৭১ লাখ ৬০ হাজার ঋণগ্রহীতা সদস্য ঋণ নিয়েছেন ২৪ হাজার ৭৫৭ কোটি টাকা। এ ছাড়া ব্যাংকটির সদস্যদের ঋণের স্থিতি ১৬ হাজার ১৫০ কোটি টাকা আর সঞ্চয় স্থিতি ২২ হাজার ৬৮২ কোটি টাকা।",
1728741797-37,https://www.prothomalo.com/business,পাঁচ বছরের জন্য আয়করমুক্ত সুবিধা ফিরে পেয়েছে গ্রামীণ ব্যাংক,https://www.prothomalo.com/business/1t89cddb73,,এদিকে আস–সুন্নাহ ফাউন্ডেশনের দান করা অর্থের ওপরও ২০২৯ সাল পর্যন্ত আয়কর দিতে হবে না বলে ভিন্ন প্রজ্ঞাপন জারি করেছে এনবিআর। ২০১৭ সালে যাত্রা শুরু করা শায়খ আহমাদুল্লাহ প্রতিষ্ঠিত এ দাতব্য প্রতিষ্ঠান সাম্প্রতিক বন্যায় ত্রাণ তৎপরতা পরিচালনা করে আলোচনায় আসে। ২০২০ সালের করোনা প্রাদুর্ভাবের সময়ও সংগঠনটি দাতব্য কার্যক্রম করে প্রশংসিত হয়। ২০২২ সালে সিলেট ও সুনামগঞ্জ অঞ্চলে প্রবল বন্যা এবং চলতি বছরের আগস্টের বন্যায় সংগঠনটি ব্যাপক মাত্রায় ত্রাণ কার্যক্রম পরিচালনা করে।,
1728741797-38,https://www.prothomalo.com/business,পাঁচ বছরের জন্য আয়করমুক্ত সুবিধা ফিরে পেয়েছে গ্রামীণ ব্যাংক,https://www.prothomalo.com/business/1t89cddb73,,এ ছাড়া ২০২৩ তুরস্ক-সিরিয়া ভূমিকম্পের সময়ে তুরস্কে শীতবস্ত্র পাঠায় আস–সুন্নাহ ফাউন্ডেশন। বন্যার্ত ব্যক্তিদের ত্রাণ বিতরণ ও বন্যা–পরবর্তী পুনর্বাসনের জন্য চলতি পঞ্জিকা বছরে ১০০ কোটি টাকার সহায়তার লক্ষ্য নির্ধারণ করেছে এ ফাউন্ডেশন।,
1728741797-39,https://www.prothomalo.com/business,পাঁচ বছরের জন্য আয়করমুক্ত সুবিধা ফিরে পেয়েছে গ্রামীণ ব্যাংক,https://www.prothomalo.com/business/1t89cddb73,,,https://images.prothomalo.com/prothomalo-bangla%2F2024-02%2F10140f77-e4a5-454b-b461-e7314e9c7d28%2F44fcef49_e5b8_4930_97fa_256b8c629699.jfif?rect=0%2C0%2C1600%2C1067&auto=format%2Ccompress&fmt=webp&format=webp&w=640&dpr=1.0
1728741799-40,https://www.prothomalo.com/business,"বৈশ্বিক ক্ষুধা সূচকে তিন ধাপ পেছাল বাংলাদেশ, পরিস্থিতি খারাপ হয়েছে",https://www.prothomalo.com/business/0as6r8lgcv,"বৈশ্বিক ক্ষুধা সূচকে তিন ধাপ পেছাল বাংলাদেশ, পরিস্থিতি খারাপ হয়েছে",,
1728741799-41,https://www.prothomalo.com/business,"বৈশ্বিক ক্ষুধা সূচকে তিন ধাপ পেছাল বাংলাদেশ, পরিস্থিতি খারাপ হয়েছে",https://www.prothomalo.com/business/0as6r8lgcv,,"বৈশ্বিক ক্ষুধা সূচকে তিন ধাপ অবনমন হয়েছে বাংলাদেশের। ক্ষুধা মেটানোর সক্ষমতার দিক থেকে ১২৭টি দেশের মধ্যে বাংলাদেশের অবস্থান এ বছর ৮৪তম। সূচক অনুসারে, বাংলাদেশ বর্তমানে ‘মাঝারি মাত্রার’ ক্ষুধা মোকাবিলা করছে।",
1728741799-42,https://www.prothomalo.com/business,"বৈশ্বিক ক্ষুধা সূচকে তিন ধাপ পেছাল বাংলাদেশ, পরিস্থিতি খারাপ হয়েছে",https://www.prothomalo.com/business/0as6r8lgcv,,গতকাল শুক্রবার প্রকাশিত গ্লোবাল হাঙ্গার ইনডেক্স (জিএইচআই) বা বৈশ্বিক ক্ষুধা সূচক ২০২৪–এ বিশ্বের অন্যান্য দেশের সঙ্গে বাংলাদেশের অবস্থানও তুলে ধরা হয়েছে। প্রতিবছর আয়ারল্যান্ডভিত্তিক সংস্থা কনসার্ন ওয়ার্ল্ডওয়াইড ও জার্মানভিত্তিক ভেল্ট হ্যুঙ্গার হিলফে যৌথভাবে এ সূচক প্রকাশ করে।,
1728741799-43,https://www.prothomalo.com/business,"বৈশ্বিক ক্ষুধা সূচকে তিন ধাপ পেছাল বাংলাদেশ, পরিস্থিতি খারাপ হয়েছে",https://www.prothomalo.com/business/0as6r8lgcv,,"দেশভিত্তিক তথ্য বিশ্লেষণে দেখা গেছে, বৈশ্বিক ক্ষুধা সূচকে বাংলাদেশের এবারের স্কোর ১৯ দশমিক ৪। এই নম্বর নিয়ে ১২৭টি দেশের মধ্যে বাংলাদেশের অবস্থান ৮৪তম। গত বছর বাংলাদেশর মোট নম্বর ছিল ১৯; ১২৫টি দেশের মধ্যে ঠাঁই হয়েছিল ৮১তম স্থানে।",
1728741799-44,https://www.prothomalo.com/business,"বৈশ্বিক ক্ষুধা সূচকে তিন ধাপ পেছাল বাংলাদেশ, পরিস্থিতি খারাপ হয়েছে",https://www.prothomalo.com/business/0as6r8lgcv,,"একটি দেশে অপুষ্টির মাত্রা, পাঁচ বছরের কম বয়সী শিশুদের উচ্চতা অনুযায়ী কম ওজন, পাঁচ বছরের কম বয়সী শিশুদের বয়স অনুযায়ী কম উচ্চতা এবং শিশুমৃত্যুর হার—এই চারটি মানদণ্ড বিবেচনায় নিয়ে ক্ষুধার মাত্রা নির্ধারণ করা হয়। বৈশ্বিক, আঞ্চলিক বা জাতীয়—যেকোনো পর্যায়ে ক্ষুধার মাত্রা নির্ণয় করতে এই সূচকগুলো ব্যবহার করা হয়।",
1728741799-45,https://www.prothomalo.com/business,"বৈশ্বিক ক্ষুধা সূচকে তিন ধাপ পেছাল বাংলাদেশ, পরিস্থিতি খারাপ হয়েছে",https://www.prothomalo.com/business/0as6r8lgcv,,"বিশ্ব ক্ষুধা সূচকে কোনো দেশের স্কোর শূন্য হলে বুঝতে হবে, সেখানে ক্ষুধা নেই। আর স্কোর ১০০ হওয়ার অর্থ, সেখানে ক্ষুধার মাত্রা সর্বোচ্চ। ক্ষুধা সূচক ১০ থেকে ১৯ দশমিক ৯-এর মধ্যে থাকলে ওই দেশ ‘মাঝারি মাত্রার’ ক্ষুধায় আক্রান্ত হিসেবে বিবেচিত হয়ে থাকে।",
1728741799-46,https://www.prothomalo.com/business,"বৈশ্বিক ক্ষুধা সূচকে তিন ধাপ পেছাল বাংলাদেশ, পরিস্থিতি খারাপ হয়েছে",https://www.prothomalo.com/business/0as6r8lgcv,,বাংলাদেশ চলতি বছরের আগে ক্ষুধা মেটানোর ক্ষেত্রে ধারাবাহিক উন্নতি করেছিল। ২০০০ সালে বাংলাদেশের স্কোর ছিল ৩৩ দশমিক ৮। গত বছর ছিল ১৯। যদিও এ বছর তা বেড়ে ১৯ দশমিক ৪ হয়েছে।,
1728741799-47,https://www.prothomalo.com/business,"বৈশ্বিক ক্ষুধা সূচকে তিন ধাপ পেছাল বাংলাদেশ, পরিস্থিতি খারাপ হয়েছে",https://www.prothomalo.com/business/0as6r8lgcv,,"তবে ক্ষুধা সূচকে বাংলাদেশের চেয়ে এগিয়ে রয়েছে প্রতিবেশী দেশ নেপাল (৬৮তম অবস্থান, স্কোর ১৪ দশমিক ৭) ও শ্রীলঙ্কা (৫৬তম অবস্থান, স্কোর ১১ দশমিক ৩)। তবে দক্ষিণ এশিয়ার অন্য দুই দেশ ভারত ও পাকিস্তানের চেয়ে ক্ষুধা মেটানোর সক্ষমতায় বাংলাদেশ এগিয়ে রয়েছে।",
1728741799-48,https://www.prothomalo.com/business,"বৈশ্বিক ক্ষুধা সূচকে তিন ধাপ পেছাল বাংলাদেশ, পরিস্থিতি খারাপ হয়েছে",https://www.prothomalo.com/business/0as6r8lgcv,,"ক্ষুধা মেটানোর সক্ষমতার দিক থেকে এ বছর ভারতের অবস্থান ১০৫তম, স্কোর ২৭ দশমিক ৩। ভারত এ বছর ছয় ধাপ এগিয়েছে। আর সূচকে পাকিস্তানের অবস্থান ১০৯তম, স্কোর ২৭ দশমিক ৯। দেশটি সাত ধাপ পিছিয়েছে। এ ছাড়া আফগানিস্তানের অবস্থান ১১৬তম, স্কোর ৩০ দশমিক ৮। এটিও দুই ধাপ পিছিয়েছে।",
1728741799-49,https://www.prothomalo.com/business,"বৈশ্বিক ক্ষুধা সূচকে তিন ধাপ পেছাল বাংলাদেশ, পরিস্থিতি খারাপ হয়েছে",https://www.prothomalo.com/business/0as6r8lgcv,,"জিএইচআই প্রতিবেদনে বলা হয়েছে, দক্ষিণ এশিয়ায় সার্বিকভাবে ক্ষুধা এখনো গুরুতর অবস্থায় রয়েছে। নিম্নমানের খাদ্য, অর্থনৈতিক চ্যালেঞ্জ ও প্রাকৃতিক দুর্যোগের ক্রমবর্ধমান প্রভাবের কারণে এ অঞ্চলে অপুষ্টি বাড়ছে; বিশেষ করে শিশুদের অপুষ্টির সমস্যা উচ্চ স্তরে রয়ে গেছে।",
1728741799-50,https://www.prothomalo.com/business,"বৈশ্বিক ক্ষুধা সূচকে তিন ধাপ পেছাল বাংলাদেশ, পরিস্থিতি খারাপ হয়েছে",https://www.prothomalo.com/business/0as6r8lgcv,,"প্রতিবেদন অনুযায়ী, বাংলাদেশের জনসংখ্যার ১১ দশমিক ৯ শতাংশ অপুষ্টির শিকার এবং ২ দশমিক ৯ শতাংশ শিশু তাদের জন্মের পর পাঁচ বছরে পৌঁছানোর আগেই মারা যায়। দেশের ২৩ দশমিক ৬ শতাংশ শিশুর স্বাভাবিক বৃদ্ধি অপুষ্টির কারণে থমকে গেছে। আর অপুষ্টির কারণে পাঁচ বছরের কম বয়সী ১১ শতাংশ শিশুর শারীরিক বিকাশ নষ্ট হয়েছে; অর্থাৎ উচ্চতার অনুপাতে তাদের ঠিকমতো ওজন বাড়ছে না।",
1728741799-51,https://www.prothomalo.com/business,"বৈশ্বিক ক্ষুধা সূচকে তিন ধাপ পেছাল বাংলাদেশ, পরিস্থিতি খারাপ হয়েছে",https://www.prothomalo.com/business/0as6r8lgcv,,,https://images.prothomalo.com/prothomalo-bangla%2F2024-10-12%2F9zsupyyl%2FUntitled-1.png?rect=0%2C0%2C1024%2C683&auto=format%2Ccompress&fmt=webp&format=webp&w=640&dpr=1.0
1728741801-52,https://www.prothomalo.com/business,"টাটা ট্রাস্টের নতুন চেয়ারম্যান নোয়েল টাটা, পেলেন দ্বিতীয় সুযোগ",https://www.prothomalo.com/business/world-business/lmnym324ea,"টাটা ট্রাস্টের নতুন চেয়ারম্যান নোয়েল টাটা, পেলেন দ্বিতীয় সুযোগ",,
1728741801-53,https://www.prothomalo.com/business,"টাটা ট্রাস্টের নতুন চেয়ারম্যান নোয়েল টাটা, পেলেন দ্বিতীয় সুযোগ",https://www.prothomalo.com/business/world-business/lmnym324ea,,ভারতের শীর্ষস্থানীয় শিল্পপতি রতন টাটার মৃত্যুর পর টাটা ট্রাস্টের দায়িত্ব পেয়েছেন তাঁর সৎভাই নোয়েল টাটা। টাটা ট্রাস্টের পরিচালনা পর্ষদ ৬৭ বছর বয়সী নোয়েলকে পরবর্তী চেয়ারম্যান হিসেবে নিয়োগ দিয়েছে। গত বুধবার মুম্বাইয়ে মারা যান ৮৬ বছর বয়সী রতন টাটা।,
1728741801-54,https://www.prothomalo.com/business,"টাটা ট্রাস্টের নতুন চেয়ারম্যান নোয়েল টাটা, পেলেন দ্বিতীয় সুযোগ",https://www.prothomalo.com/business/world-business/lmnym324ea,,নোয়েল টাটার পারিবারিক অবস্থান এবং টাটা গ্রুপের বিভিন্ন প্রতিষ্ঠান পরিচালনায় তাঁর পেশাগত অভিজ্ঞতার কারণে টাটা ট্রাস্টে রতন টাটার উত্তরসূরি হিসেবে নোয়েলকেই সবচেয়ে গুরুত্বপূর্ণ বলে বিবেচনা করা হতো।,
1728741801-55,https://www.prothomalo.com/business,"টাটা ট্রাস্টের নতুন চেয়ারম্যান নোয়েল টাটা, পেলেন দ্বিতীয় সুযোগ",https://www.prothomalo.com/business/world-business/lmnym324ea,,"টাটা গোষ্ঠীর বেশ কয়েকটি কোম্পানির চেয়ারম্যান হিসেবে দায়িত্বে রয়েছেন নোয়েল টাটা। যেমন ট্রেন্ট, ভোল্টাস, টাটা ইনভেস্টমেন্ট করপোরেশন ও টাটা ইন্টারন্যাশনালের চেয়ারম্যান হিসেবে দায়িত্ব পালন করছেন তিনি। টাটা স্টিল ও ঘড়ি কোম্পানি টাইটানের ভাইস চেয়ারম্যান তিনি। এ ছাড়া স্যার রতন টাটা ট্রাস্টেরও একজন সদস্য নোয়েল।",
1728741801-56,https://www.prothomalo.com/business,"টাটা ট্রাস্টের নতুন চেয়ারম্যান নোয়েল টাটা, পেলেন দ্বিতীয় সুযোগ",https://www.prothomalo.com/business/world-business/lmnym324ea,,টাটা গোষ্ঠীর প্রধান দুই অঙ্গপ্রতিষ্ঠান হচ্ছে টাটা সন্স ও টাটা ট্রাস্ট। এর মধ্যে টাটা গ্রুপের হোল্ডিং প্রতিষ্ঠান টাটা সন্স গোষ্ঠীটির ব্যবসায়িক উদ্যোগগুলো (কোম্পানি) নিয়ন্ত্রণ করে। অন্যদিকে টাটা ট্রাস্ট হলো দাতব্য সংস্থা; এটি আবার টাটা সন্সের বেশির ভাগ (৬৬ শতাংশ) শেয়ারের মালিক এবং টাটা গ্রুপের মূল্যবোধের ওপর উল্লেখযোগ্য প্রভাব রাখে। মূলত মানবহিতৈষী টাটা ট্রাস্টের মাধ্যমেই টাটা সাম্রাজ্য পরিচালিত হয়।,
1728741801-57,https://www.prothomalo.com/business,"টাটা ট্রাস্টের নতুন চেয়ারম্যান নোয়েল টাটা, পেলেন দ্বিতীয় সুযোগ",https://www.prothomalo.com/business/world-business/lmnym324ea,,তবে টাটা সন্সের চেয়ারম্যান ও টাটা ট্রাস্টের চেয়ারম্যানের পদকে আলাদা করেছিলেন রতন টাটা। উদ্দেশ্য ছিল—উভয় প্রতিষ্ঠানের ওপরে একজন ব্যক্তির নিয়ন্ত্রণ বা খুব বেশি কর্তৃত্ব এড়ানো। ২০১২ সাল পর্যন্ত টাটা সন্সের চেয়ারম্যান ছিলেন রতন টাটা। এরপর টাটা ট্রাস্টের চেয়ারম্যান হন তিনি। যদিও টাটা গ্রুপের সার্বিক বিষয়ে তাঁর যথেষ্ট প্রভাব ছিল।,
1728741801-58,https://www.prothomalo.com/business,"টাটা ট্রাস্টের নতুন চেয়ারম্যান নোয়েল টাটা, পেলেন দ্বিতীয় সুযোগ",https://www.prothomalo.com/business/world-business/lmnym324ea,,"আর বর্তমানে টাটা সন্সের চেয়ারম্যান নটরাজন চন্দ্রশেখরন, যিনি চন্দ্র নামেই বেশি পরিচিত। টাটা সন্সের পরিচালনা পর্ষদে তিনি যোগ দেন ২০১৬ সালে। এক বছর পর তিনি চেয়ারম্যান হিসেবে নিযুক্ত হন। একই সঙ্গে তিনি টাটা গোষ্ঠীর বেশ কয়েকটি কোম্পানির চেয়ারম্যান হিসেবে দায়িত্ব পালন করছেন।",
1728741801-59,https://www.prothomalo.com/business,"টাটা ট্রাস্টের নতুন চেয়ারম্যান নোয়েল টাটা, পেলেন দ্বিতীয় সুযোগ",https://www.prothomalo.com/business/world-business/lmnym324ea,,নোয়েল টাটার জন্ম ১৯৫৭ সালে। তিনি যুক্তরাজ্যের সাসেক্স ইউনিভার্সিটি থেকে উচ্চশিক্ষা সম্পন্ন করেন। পরে ফ্রান্সের ইনসিয়াদ (ইনস্টিটিউট ইউরোপিয়ান ডি’প্রশাসন দেস অ্যাফেয়ার্স) থেকে ইন্টারন্যাশনাল এক্সিকিউটিভ প্রোগ্রাম (আইইপি) সম্পন্ন করেন।,
1728741801-60,https://www.prothomalo.com/business,"টাটা ট্রাস্টের নতুন চেয়ারম্যান নোয়েল টাটা, পেলেন দ্বিতীয় সুযোগ",https://www.prothomalo.com/business/world-business/lmnym324ea,,"টাটা গ্রুপে যোগদানের আগে নোয়েল যুক্তরাজ্যে নেসলেতে কাজ করতেন। ১৯৯৯ সালে টাটা গ্রুপের রিটেইল কোম্পানি ট্রেন্টে কাজ শুরু করেন নোয়েল। পরে ২০১৪ সালে তিনি ট্রেন্টের চেয়ারম্যান হন। ২০১০ সালে তিনি টাটা ইন্টারন্যাশনালে যোগ দেন। কোম্পানিটি চামড়াজাত পণ্য, খনিজ ও ধাতু রপ্তানি করে। এই প্রতিষ্ঠানে নোয়েল ২০২১ সাল পর্যন্ত কাজ করেন। বর্তমানে তিনি টাটা গ্রুপের অন্য দুটি কোম্পানি—ভোল্টাস ও টাটা ইনভেস্টমেন্ট করপোরেশনের চেয়ারম্যান হিসেবেও দায়িত্বে পালন করছেন।",
1728741801-61,https://www.prothomalo.com/business,"টাটা ট্রাস্টের নতুন চেয়ারম্যান নোয়েল টাটা, পেলেন দ্বিতীয় সুযোগ",https://www.prothomalo.com/business/world-business/lmnym324ea,,২০১৯ সালে স্যার রতন টাটা ট্রাস্টে এবং ২০২২ সালে স্যার দোরাবজি টাটা ট্রাস্টের পর্ষদ সদস্য হন নোয়েল টাটা। গত মে মাসে নোয়েল টাটার তিন সন্তানকেও টাটা ট্রাস্টের অধীনে পাঁচটি জনহিতকর সংস্থার পরিচালনা পর্ষদে নিযুক্ত করা হয়।,
1728741801-62,https://www.prothomalo.com/business,"টাটা ট্রাস্টের নতুন চেয়ারম্যান নোয়েল টাটা, পেলেন দ্বিতীয় সুযোগ",https://www.prothomalo.com/business/world-business/lmnym324ea,,টাটা গ্রুপের বিভিন্ন প্রতিষ্ঠানের মধ্যে টাটা ইন্টারন্যাশনালে নোয়েলের ভূমিকাকে সবচেয়ে বড় করে দেখা হয়। এটি টাটা গ্রুপের ট্রেডিং ও ডিস্ট্রিবিউশন শাখা। ২০১০ সাল থেকে ২০২১ সাল পর্যন্ত নোয়েল এতে ব্যবস্থাপনা পরিচালক ছিলেন। এ সময়ে তাঁর নেতৃত্বে এটি ৫০০ মিলিয়ন (৫০ কোটি) ডলার থেকে ৩ বিলিয়ন (৩০০ কোটি) ডলারের কোম্পানিতে পরিণত হয়। অন্যান্য প্রতিষ্ঠানেও তিনি ভালো ভূমিকা রেখেছেন।,
1728741801-63,https://www.prothomalo.com/business,"টাটা ট্রাস্টের নতুন চেয়ারম্যান নোয়েল টাটা, পেলেন দ্বিতীয় সুযোগ",https://www.prothomalo.com/business/world-business/lmnym324ea,,রতন টাটার সৎভাই নোয়েল টাটা হলেন নাভাল টাটা ও সিমোন টাটার (নাভাল টাটার দ্বিতীয় স্ত্রী) ছেলে। তিনি আইরিশ নাগরিক হলেও তাঁর যাবতীয় কার্যক্রম ভারতকেন্দ্রিক। নোয়েল বিয়ে করেছেন প্রয়াত পালোনজি মিস্ত্রির মেয়ে ও প্রয়াত সাইরাস মিস্ত্রির বোন আলু মিস্ত্রিকে। মায়া ও লিয়া নামে তাঁদের দুই মেয়ে ও নেভিল নামে এক ছেলে রয়েছে।,
1728741801-64,https://www.prothomalo.com/business,"টাটা ট্রাস্টের নতুন চেয়ারম্যান নোয়েল টাটা, পেলেন দ্বিতীয় সুযোগ",https://www.prothomalo.com/business/world-business/lmnym324ea,,টাটা গ্রুপের হোল্ডিং কোম্পানি টাটা সন্সে ভারতীয়-আইরিশ শাপুরজি পালোনজি পরিবারের ১৮ দশমিক ৪ শতাংশ শেয়ার রয়েছে। শাপুরজি পালোনজি গ্রুপের সাবেক চেয়ারম্যান হলেন পালোনজি মিস্ত্রি; আর টাটা গ্রুপে একসময় চেয়ারম্যান ছিলেন সাইরাস মিস্ত্রি।,
1728741801-65,https://www.prothomalo.com/business,"টাটা ট্রাস্টের নতুন চেয়ারম্যান নোয়েল টাটা, পেলেন দ্বিতীয় সুযোগ",https://www.prothomalo.com/business/world-business/lmnym324ea,,"নোয়েল টাটার মেয়ে লিয়া (৩৯) টাটা এডুকেশন ট্রাস্ট, টাটা সোশ্যাল ওয়েলফেয়ার ট্রাস্ট ও সার্বজনিক ট্রাস্টে কাজ করছেন। আরেক মেয়ে মায়া (৩৬) টাটা এডুকেশন ট্রাস্ট ও সার্বজনিক ট্রাস্টের পাশাপাশি আরডি টাটা ট্রাস্টে যুক্ত রয়েছেন। আর ছেলে নেভিল (৩২) টাটা ইন্ডিয়ান ইনস্টিটিউট অব স্কিলসের (টিআইআইএস) বোর্ড সদস্য। তাঁদের তিনজনই আবার কলকাতায় অবস্থিত ক্যানসার হাসপাতাল টাটা মেডিকেল সেন্টারেরও ট্রাস্ট সদস্য। পর্যবেক্ষকেরা মনে করেন, উত্তরাধিকার পরিকল্পনার অংশ হিসেবে নোয়েল টাটা আগে থেকেই তাঁর ছেলেমেয়েদের এভাবে বিভিন্ন দায়িত্বে যুক্ত করেছেন।",
1728741801-66,https://www.prothomalo.com/business,"টাটা ট্রাস্টের নতুন চেয়ারম্যান নোয়েল টাটা, পেলেন দ্বিতীয় সুযোগ",https://www.prothomalo.com/business/world-business/lmnym324ea,,প্রায় ১২ বছর আগে টাটা গ্রুপের গুরুত্বপূর্ণ অংশ টাটা সন্সের চেয়ারম্যান হওয়ার খুব কাছাকাছি গিয়েছিলেন নোয়েল টাটা। কিন্তু শেষ পর্যন্ত তিনি ওই পদে যেতে পারেননি। এর তিন বছর পরেই টাটা সন্সের চেয়ারম্যানের পদ ছেড়ে টাটা ট্রাস্টের চেয়ারম্যান হন রতন টাটা।,
1728741801-67,https://www.prothomalo.com/business,"টাটা ট্রাস্টের নতুন চেয়ারম্যান নোয়েল টাটা, পেলেন দ্বিতীয় সুযোগ",https://www.prothomalo.com/business/world-business/lmnym324ea,,"ওই সময় টাটা সন্সের চেয়ারম্যান বাছাইয়ের জন্য একটি বোর্ড গঠন হয়েছিল। নতুন চেয়ারম্যানের কী যোগ্যতা থাকা উচিত, তা নিয়ে মন্তব্য করেছিলেন রতন টাটা। সেই যোগ্যতার বিচারে পিছিয়ে ছিলেন নোয়েল টাটা।",
1728741801-68,https://www.prothomalo.com/business,"টাটা ট্রাস্টের নতুন চেয়ারম্যান নোয়েল টাটা, পেলেন দ্বিতীয় সুযোগ",https://www.prothomalo.com/business/world-business/lmnym324ea,,"যাহোক, শেষ পর্যন্ত নোয়েলের শ্যালক সাইরাস মিস্ত্রি টাটা সন্সের চেয়ারম্যান হন। এতে অবশ্য অনেকে অবাক হয়েছিলেন। কারণ, টাটা গ্রুপ ও শাপুরজি পালোনজি গ্রুপের মধ্যে ঐতিহাসিকভাবে একটি টানাপোড়েনের সম্পর্ক ছিল। বলা হয়ে থাকে, ওই সময় রতন টাটা তাঁর পরবর্তী উত্তরসূরি হিসেবে নোয়েলকে যোগ্য মনে করেননি। এ কারণে বাছাইপ্রক্রিয়া থেকে বাদ পড়েন নোয়েল।",
1728741801-69,https://www.prothomalo.com/business,"টাটা ট্রাস্টের নতুন চেয়ারম্যান নোয়েল টাটা, পেলেন দ্বিতীয় সুযোগ",https://www.prothomalo.com/business/world-business/lmnym324ea,,"উল্লেখ্য, স্যার রতন টাটা ট্রাস্ট ১৯১৯ সালে প্রতিষ্ঠিত হয়। নোয়েল টাটা হলেন ট্রাস্টের ষষ্ঠ চেয়ারম্যান। এ ছাড়া টাটা গোষ্ঠীর আরেক ট্রাস্ট স্যার দোরাবজি টাটা ট্রাস্টের ১১তম চেয়ারম্যানও তিনি। ২০২৩-২৪ সালে টাটার কোম্পানিগুলোর মোট রাজস্ব ছিল ১৬ হাজার ৫০০ কোটি ডলারের বেশি। টাটা সন্সের হিসাবে, এ প্রতিষ্ঠানগুলোতে সম্মিলিতভাবে ১০ লাখের বেশি লোক কাজ করছেন।",
1728741801-70,https://www.prothomalo.com/business,"টাটা ট্রাস্টের নতুন চেয়ারম্যান নোয়েল টাটা, পেলেন দ্বিতীয় সুযোগ",https://www.prothomalo.com/business/world-business/lmnym324ea,,"সংবাদ সূত্র: ইন্ডিয়ান এক্সপ্রেস, বিজনেস স্ট্যান্ডার্ড ও এনডিটিভি।",
1728741801-71,https://www.prothomalo.com/business,"টাটা ট্রাস্টের নতুন চেয়ারম্যান নোয়েল টাটা, পেলেন দ্বিতীয় সুযোগ",https://www.prothomalo.com/business/world-business/lmnym324ea,,,https://images.prothomalo.com/prothomalo-bangla%2F2024-10-12%2F3nl17j16%2Ftata?rect=0%2C0%2C960%2C640&auto=format%2Ccompress&fmt=webp&format=webp&w=640&dpr=1.0
